Merge Field,Value
<< Matter.Number >>,"2025-00057 Mitchell,Johnathan"
<< Matter.Number.Digits >>,57
<< Matter.Description >>,Auto Accident
<< Matter.ClientReferenceNumber >>,
<< Matter.OriginatingAttorney >>,David Ledyard
<< Matter.OriginatingAttorney.Name >>,David Ledyard
<< Matter.OriginatingAttorney.JobTitle >>,Partner [PT]
<< Matter.OriginatingAttorney.JobTitle.Name >>,Partner
<< Matter.OriginatingAttorney.JobTitle.Initials >>,PT
<< Matter.OriginatingAttorney.Email >>,david@ledyardlaw.com
<< Matter.OriginatingAttorney.Initials >>,DLM
<< Matter.OriginatingAttorney.PhoneNumber >>,(410) 807-8077
<< Matter.OriginatingAttorney.Address >>,"36 South Charles Street, Suite 901"
,"Baltimore, Maryland 21201-3020"
<< Matter.OriginatingAttorney.Address.Street >>,"36 South Charles Street, Suite 901"
<< Matter.OriginatingAttorney.Address.City >>,Baltimore
<< Matter.OriginatingAttorney.Address.State >>,Maryland
<< Matter.OriginatingAttorney.Address.ZipCode >>,21201-3020
<< Matter.OriginatingAttorney.Address.Country >>,United States
<< Matter.OriginatingAttorney.Rate >>,400
<< Matter.ResponsibleAttorney >>,David Ledyard
<< Matter.ResponsibleAttorney.Name >>,David Ledyard
<< Matter.ResponsibleAttorney.JobTitle >>,Partner [PT]
<< Matter.ResponsibleAttorney.JobTitle.Name >>,Partner
<< Matter.ResponsibleAttorney.JobTitle.Initials >>,PT
<< Matter.ResponsibleAttorney.Email >>,david@ledyardlaw.com
<< Matter.ResponsibleAttorney.Initials >>,DLM
<< Matter.ResponsibleAttorney.PhoneNumber >>,(410) 807-8077
<< Matter.ResponsibleAttorney.Address >>,"36 South Charles Street, Suite 901"
,"Baltimore, Maryland 21201-3020"
<< Matter.ResponsibleAttorney.Address.Street >>,"36 South Charles Street, Suite 901"
<< Matter.ResponsibleAttorney.Address.City >>,Baltimore
<< Matter.ResponsibleAttorney.Address.State >>,Maryland
<< Matter.ResponsibleAttorney.Address.ZipCode >>,21201-3020
<< Matter.ResponsibleAttorney.Address.Country >>,United States
<< Matter.ResponsibleAttorney.Rate >>,400
<< Matter.Status >>,Open
<< Matter.PendingDate >>,
<< Matter.OpenDate >>,45740
<< Matter.OpenDate.Verbose >>,45740
<< Matter.OpenDate.Year >>,2025
<< Matter.OpenDate.Month >>,3
<< Matter.OpenDate.Day >>,24
<< Matter.OpenDate.VerboseMonth >>,March
<< Matter.OpenDate.OrdinalDay >>,24th
<< Matter.CloseDate >>,
<< Matter.StatuteOfLimitationsDate >>,
<< Matter.TrustBalance >>,0
<< Matter.OperatingBalance >>,0
<< Matter.Client.Name >>,Johnathan Mitchell
<< Matter.Client.Prefix >>,Test
<< Matter.Client.FirstName >>,Johnathan
<< Matter.Client.MiddleName >>,
<< Matter.Client.MiddleInitial >>,
<< Matter.Client.LastName >>,Mitchell
<< Matter.Client.DateOfBirth >>,31120
<< Matter.Client.DateOfBirth.Verbose >>,31120
<< Matter.Client.DateOfBirth.Year >>,1985
<< Matter.Client.DateOfBirth.Month >>,3
<< Matter.Client.DateOfBirth.Day >>,14
<< Matter.Client.DateOfBirth.VerboseMonth >>,March
<< Matter.Client.DateOfBirth.OrdinalDay >>,14th
<< Matter.Client.TrustBalance >>,0
<< Matter.Client.OperatingBalance >>,0
<< Matter.Client.Address >>,36 S. Charles St
,"Baltimore, MD 21201"
<< Matter.Client.Address.Street >>,36 S. Charles St
<< Matter.Client.Address.City >>,Baltimore
<< Matter.Client.Address.State >>,MD
<< Matter.Client.Address.ZipCode >>,21201
<< Matter.Client.Address.Country >>,United States
<< Matter.Client.PrimaryBillingAddress >>,
<< Matter.Client.PrimaryWorkAddress >>,36 S. Charles St
,"Baltimore, MD 21201"
<< Matter.Client.PrimaryWorkAddress.Street >>,36 S. Charles St
<< Matter.Client.PrimaryWorkAddress.City >>,Baltimore
<< Matter.Client.PrimaryWorkAddress.State >>,MD
<< Matter.Client.PrimaryWorkAddress.ZipCode >>,21201
<< Matter.Client.PrimaryWorkAddress.Country >>,United States
<< Matter.Client.PrimaryHomeAddress >>,
<< Matter.Client.PrimaryOtherAddress >>,
<< Matter.Client.PhoneNumber >>,+1 (443) 219-7653
<< Matter.Client.PhoneNumber.Number >>,+1 (443) 219-7653
<< Matter.Client.PrimaryWorkPhoneNumber >>,
<< Matter.Client.PrimaryHomePhoneNumber >>,+1 (443) 219-7653
<< Matter.Client.PrimaryHomePhoneNumber.Number >>,+1 (443) 219-7653
<< Matter.Client.PrimaryOtherPhoneNumber >>,
<< Matter.Client.PrimaryMobilePhoneNumber >>,
<< Matter.Client.PrimaryFaxNumber >>,
<< Matter.Client.CustomField.TivvisMatterNumber >>,
<< Matter.Client.CustomField.ContactHistory >>,
<< Matter.Client.CustomField.DriversLicenseIdNumber >>,
<< Matter.Client.CustomField.Deceased >>,
<< Matter.Client.CustomField.PreferredNamenickname >>,
<< Matter.Client.CustomField.BirthPlace >>,
<< Matter.Client.CustomField.ParentType >>,
<< Matter.Client.CustomField.Gender >>,
<< Matter.Client.CustomField.MaritalStatus >>,
<< Matter.Client.CustomField.MinorChild >>,
<< Matter.Client.CustomField.SocialMediaHandle >>,
<< Matter.Client.CustomField.SchoolDistricts >>,
<< Matter.Client.CustomField.SchoolLevel >>,
<< Matter.Client.CustomField.CourtLevel >>,
<< Matter.Client.CustomField.Jurisdiction >>,
<< Matter.Client.CustomField.DateOfDeath >>,
<< Matter.Client.CustomField.MethodOfCommunication >>,
<< Matter.Client.CustomField.IsDisabled >>,FALSE
<< Matter.Client.CustomField.IsDisabled.Verbose >>,No
<< Matter.Client.CustomField.HomeSchooled >>,
<< Matter.Client.CustomField.HomeSchooled.Verbose >>,No
<< Matter.Client.CustomField.ClientWas >>,
<< Matter.Client.CustomField.County >>,
<< Matter.Client.CustomField.EmergencyContacts >>,
<< Matter.Client.CustomField.EmergencyContacts.Verbose >>,No
<< Matter.Client.CustomField.SocialSecurityNumber >>,
<< Matter.Client.CustomField.SchoolDistrict >>,
<< Matter.Client.CustomField.EmergencyContactName >>,
<< Matter.Client.CustomField.PoliceOfficer >>,
<< Matter.Client.CustomField.PoliceOfficer.Verbose >>,No
<< Matter.Client.CustomField.StaffPositiontitle >>,
<< Matter.Client.CustomField.StudentName >>,
<< Matter.Client.CustomField.AgeIncidentOccurred >>,
<< Matter.Client.CustomField.RelationshipToMinorstudent >>,
<< Matter.Client.CustomField.DoYouHaveSocialMedia >>,
<< Matter.Client.CustomField.DoYouHaveSocialMedia.Verbose >>,No
<< Matter.Client.CustomField.CallingOnBehalfOf >>,
<< Matter.Client.CustomField.CallingOnBehalfOfSomeone >>,
<< Matter.Client.CustomField.CallingOnBehalfOfSomeone.Verbose >>,No
<< Matter.Client.CustomField.CallersName >>,
<< Matter.Client.CustomField.RelationshipToStudent >>,
<< Matter.Client.CustomField.SchoolType >>,
<< Matter.Client.CustomField.SchoolName >>,
<< Matter.Client.Email >>,testc8435@gmail.com
<< Matter.Client.Email.Work >>,
<< Matter.Client.Email.Home >>,testc8435@gmail.com
<< Matter.Client.Email.Other >>,
<< Matter.Client.CompanyName >>,
<< Matter.Client.PaymentProfile >>,Default
<< Matter.Client.PaymentProfile.InterestRate >>,0
<< Matter.Client.PaymentProfile.InterestType >>,simple
<< Matter.Client.PaymentProfile.InterestPeriod >>,0
<< Matter.Client.PaymentProfile.GracePeriod >>,30
<< Matter.Client.PaymentProfile.DiscountRate >>,0
<< Matter.Client.PaymentProfile.DiscountPeriod >>,0
<< Matter.CustomField.TivvisMatterNumber >>,
<< Matter.CustomField.DateOfIncident >>,45672
<< Matter.CustomField.DateOfIncident.Verbose >>,45672
<< Matter.CustomField.DateOfIncident.Year >>,2025
<< Matter.CustomField.DateOfIncident.Month >>,1
<< Matter.CustomField.DateOfIncident.Day >>,15
<< Matter.CustomField.DateOfIncident.VerboseMonth >>,January
<< Matter.CustomField.DateOfIncident.OrdinalDay >>,15th
<< Matter.CustomField.TimeOfIncident >>,
<< Matter.CustomField.TimeOfIncident.24h_format >>,
<< Matter.CustomField.IncidentLocationStreetName >>,100 Pratt St
<< Matter.CustomField.IncidentLocationCity >>,Baltimore
<< Matter.CustomField.DescriptionOfIncident >>,"The Defendant failed to brake in time at a red light, striking client’s vehicle from behind."
<< Matter.CustomField.DefendantsVehicleVin >>,1FM5K8D83JGA12345
<< Matter.CustomField.DefendantsVehicleTagNo >>,CA789654
<< Matter.CustomField.DefendantsVehicleDamage >>,Front-end damage
<< Matter.CustomField.DefendantsInsurancePolicyNo >>,SF987654321
<< Matter.CustomField.DefendantsInsuranceClaimNo >>,DF20250123
<< Matter.CustomField.ClientsVehicleVin >>,
<< Matter.CustomField.ClientAutoInsurancePolicyNo >>,G123456789
<< Matter.CustomField.WhoWasNotified >>,Police &amp; Employer
<< Matter.CustomField.FirstDayNotWorked >>,
<< Matter.CustomField.LastDateOfOccExposure >>,
<< Matter.CustomField.HistoryOfProblemDetail >>,
<< Matter.CustomField.ClientsVehicleTitleNo >>,
<< Matter.CustomField.DefendantsLiabilityLimits >>,100000
<< Matter.CustomField.OriginatingLawyer >>,
<< Matter.CustomField.DateOfDeath >>,
<< Matter.CustomField.ClientInjuriesSustained >>,Neck and Lower Back
<< Matter.CustomField.XraysctScanscatScansmris >>,TRUE
<< Matter.CustomField.XraysctScanscatScansmris.Verbose >>,Yes
<< Matter.CustomField.WhatTypeOfWorkWhenInjured >>,
<< Matter.CustomField.InjuredBodyPart >>,Neck and Lower Back
<< Matter.CustomField.EvidenceOfDanger >>,
<< Matter.CustomField.AgeIncidentOccurred >>,
<< Matter.CustomField.AttendingZonedSchool >>,
<< Matter.CustomField.AttendingZonedSchool.Verbose >>,No
<< Matter.CustomField.SchoolGradeWincident >>,
<< Matter.CustomField.SchoolPersonnelInvolved >>,
<< Matter.CustomField.SchoolPersonnelInvolved.Verbose >>,No
<< Matter.CustomField.HowDidParentFindOut >>,
<< Matter.CustomField.SubCategory >>,Public Transportation 
<< Matter.CustomField.ClientDisabilityDescription >>,
<< Matter.CustomField.LearningPlanDescribed >>,
<< Matter.CustomField.DisciplineDescription >>,
<< Matter.CustomField.AdditionalDisciplines >>,
<< Matter.CustomField.CrossStreets >>,The intersection of Charles St. and Pratt St.
<< Matter.CustomField.DefendantsVehicleType >>,Transit Bus
<< Matter.CustomField.UrgentCareTreatmentDesc >>,cervical spine
<< Matter.CustomField.UrgentCareTreatmentDate >>,45673
<< Matter.CustomField.UrgentCareTreatmentDate.Verbose >>,45673
<< Matter.CustomField.UrgentCareTreatmentDate.Year >>,2025
<< Matter.CustomField.UrgentCareTreatmentDate.Month >>,1
<< Matter.CustomField.UrgentCareTreatmentDate.Day >>,16
<< Matter.CustomField.UrgentCareTreatmentDate.VerboseMonth >>,January
<< Matter.CustomField.UrgentCareTreatmentDate.OrdinalDay >>,16th
<< Matter.CustomField.UrgentCareFollowUp >>,
<< Matter.CustomField.UrgentFollowUpDescription >>,
<< Matter.CustomField.DescriptionOfWork >>,
<< Matter.CustomField.Ercp >>,
<< Matter.CustomField.ErcpDoctor >>,
<< Matter.CustomField.ErcpDate >>,
<< Matter.CustomField.ErcpHospitalLocation >>,
<< Matter.CustomField.Ultrasound >>,
<< Matter.CustomField.UltrasoundDate >>,
<< Matter.CustomField.SubsequentErcp >>,
<< Matter.CustomField.SubsequentErcpDate >>,
<< Matter.CustomField.SubStentsDescription >>,
<< Matter.CustomField.TubePlacementDetails >>,
<< Matter.CustomField.Jaundice >>,
<< Matter.CustomField.BowelDamageDescription >>,
<< Matter.CustomField.SubsequentSurgeryDescription >>,
<< Matter.CustomField.ExploratoryOpDescription >>,
<< Matter.CustomField.RouxenygasBypassDetails >>,
<< Matter.CustomField.LiverDamageDetails >>,
<< Matter.CustomField.InfectionTypeDetails >>,
<< Matter.CustomField.PhotoIncisions >>,
<< Matter.CustomField.PharmacyUsedDetails >>,
<< Matter.CustomField.Outdoors >>,
<< Matter.CustomField.WeatherFactorDescription >>,reduced braking visibility
<< Matter.CustomField.PreventionDescription >>,
<< Matter.CustomField.EvidenceBusinessKnew >>,
<< Matter.CustomField.EmployeeKnowledge >>,
<< Matter.CustomField.EmployeeKnowledgeDescription >>,
<< Matter.CustomField.TypeOfFootwear >>,
<< Matter.CustomField.DefendantVideosTaken >>,FALSE
<< Matter.CustomField.DefendantVideosTaken.Verbose >>,No
<< Matter.CustomField.OvernightHospitalization >>,No
<< Matter.CustomField.TakenInAmbulance >>,No
<< Matter.CustomField.PrimaryCareProviderDates >>,
<< Matter.CustomField.MedProviderTreatment >>,
<< Matter.CustomField.MedicalProviderFollowUp >>,
<< Matter.CustomField.MentalProviderFollowUp >>,
<< Matter.CustomField.TreatingPhysicianFollowUp >>,
<< Matter.CustomField.MentalHealthNeeded >>,
<< Matter.CustomField.DamageToClothes >>,
<< Matter.CustomField.OtherItemsDamaged >>,
<< Matter.CustomField.SurgeryprocedureDescription >>,
<< Matter.CustomField.DefProviderFollowUpDesc >>,
<< Matter.CustomField.CurrentHealthStatus >>,"Recovering, ongoing therapy"
<< Matter.CustomField.PriorStatusOfHealth >>,
<< Matter.CustomField.PermfutureStatusOfHealth >>,
<< Matter.CustomField.AmputationRequired >>,
<< Matter.CustomField.MedicalCareProvided >>,"X-rays, pain meds"
<< Matter.CustomField.DefendantsVehicleTowed >>,No
<< Matter.CustomField.MedpayRecoveryAmount >>,
<< Matter.CustomField.SameInsTimeOfLoss >>,
<< Matter.CustomField.PipRecoveryAmount >>,
<< Matter.CustomField.DefendantsVehicleTitleNo >>,MD12345678
<< Matter.CustomField.PoliceReportNumber >>,
<< Matter.CustomField.PositionTitle >>,
<< Matter.CustomField.MissedWorkReason >>,
<< Matter.CustomField.NoDaysAnticipated >>,
<< Matter.CustomField.FullDayWageAmount >>,
<< Matter.CustomField.AverageOtAmount >>,
<< Matter.CustomField.ReassignedDuties >>,
<< Matter.CustomField.ReassignDescription >>,
<< Matter.CustomField.ExpectedReturnWork >>,
<< Matter.CustomField.BodyPartDismembered >>,
<< Matter.CustomField.SpokeToInsuranceCo >>,
<< Matter.CustomField.PermissionToRecord >>,
<< Matter.CustomField.ZendeskIncidentNo >>,
<< Matter.CustomField.PriorInjury >>,
<< Matter.CustomField.PriorInjuryDate >>,
<< Matter.CustomField.PriorInjuries >>,
<< Matter.CustomField.PriorIllness >>,
<< Matter.CustomField.PriorIllnessDescription >>,
<< Matter.CustomField.PriorConditions >>,
<< Matter.CustomField.LocationOfDeath >>,
<< Matter.CustomField.DeathCertCauseOfDeath >>,
<< Matter.CustomField.AutopsyLocation >>,
<< Matter.CustomField.PriorMedicalHistory >>,
<< Matter.CustomField.PriorMedicalHistory.Verbose >>,No
<< Matter.CustomField.VascularDisease >>,
<< Matter.CustomField.VascularDisease.Verbose >>,No
<< Matter.CustomField.VeinGrafting >>,
<< Matter.CustomField.VeinGrafting.Verbose >>,No
<< Matter.CustomField.HeartDisease >>,
<< Matter.CustomField.HeartDisease.Verbose >>,No
<< Matter.CustomField.Stents >>,
<< Matter.CustomField.Stents.Verbose >>,No
<< Matter.CustomField.OpenHeartSurgery >>,
<< Matter.CustomField.OpenHeartSurgery.Verbose >>,No
<< Matter.CustomField.Stroke >>,
<< Matter.CustomField.Stroke.Verbose >>,No
<< Matter.CustomField.Hernia >>,
<< Matter.CustomField.Hernia.Verbose >>,No
<< Matter.CustomField.ObgynOps >>,
<< Matter.CustomField.ObgynOps.Verbose >>,No
<< Matter.CustomField.Amputations >>,
<< Matter.CustomField.Amputations.Verbose >>,No
<< Matter.CustomField.Seizures >>,
<< Matter.CustomField.Seizures.Verbose >>,No
<< Matter.CustomField.HeadInjuries >>,
<< Matter.CustomField.HeadInjuries.Verbose >>,No
<< Matter.CustomField.BrokenBones >>,
<< Matter.CustomField.BrokenBones.Verbose >>,No
<< Matter.CustomField.Diabetes >>,
<< Matter.CustomField.Diabetes.Verbose >>,No
<< Matter.CustomField.Hypertension >>,
<< Matter.CustomField.Hypertension.Verbose >>,No
<< Matter.CustomField.LiverDisease >>,
<< Matter.CustomField.LiverDisease.Verbose >>,No
<< Matter.CustomField.KidneyDisease >>,
<< Matter.CustomField.KidneyDisease.Verbose >>,No
<< Matter.CustomField.EyeInjuryOps >>,
<< Matter.CustomField.EyeInjuryOps.Verbose >>,No
<< Matter.CustomField.BladderProblems >>,
<< Matter.CustomField.BladderProblems.Verbose >>,No
<< Matter.CustomField.BladderSling >>,
<< Matter.CustomField.BladderSling.Verbose >>,No
<< Matter.CustomField.GastricBypass >>,
<< Matter.CustomField.GastricBypass.Verbose >>,No
<< Matter.CustomField.Colonoscopy >>,
<< Matter.CustomField.Colonoscopy.Verbose >>,No
<< Matter.CustomField.Cancer >>,
<< Matter.CustomField.Cancer.Verbose >>,No
<< Matter.CustomField.Hepatitis >>,
<< Matter.CustomField.Hepatitis.Verbose >>,No
<< Matter.CustomField.AutoImmuneDisease >>,
<< Matter.CustomField.AutoImmuneDisease.Verbose >>,No
<< Matter.CustomField.GallBladderDiseasesurgery >>,
<< Matter.CustomField.GallBladderDiseasesurgery.Verbose >>,No
<< Matter.CustomField.Appendicitis >>,
<< Matter.CustomField.Appendicitis.Verbose >>,No
<< Matter.CustomField.Sepsis >>,
<< Matter.CustomField.Sepsis.Verbose >>,No
<< Matter.CustomField.Dementia >>,
<< Matter.CustomField.Dementia.Verbose >>,No
<< Matter.CustomField.Pancreatitis >>,
<< Matter.CustomField.Pancreatitis.Verbose >>,No
<< Matter.CustomField.Fibromyalgia >>,
<< Matter.CustomField.Fibromyalgia.Verbose >>,No
<< Matter.CustomField.AnyMentalHealthCare >>,
<< Matter.CustomField.AnyMentalHealthCare.Verbose >>,No
<< Matter.CustomField.Copd >>,
<< Matter.CustomField.Copd.Verbose >>,No
<< Matter.CustomField.TransplantSurgery >>,
<< Matter.CustomField.TransplantSurgery.Verbose >>,No
<< Matter.CustomField.OtherOperations >>,
<< Matter.CustomField.OtherOperations.Verbose >>,No
<< Matter.CustomField.ClientWorkCausedDisease >>,
<< Matter.CustomField.DetailsOfOccupationalInjury >>,
<< Matter.CustomField.HourlyRate >>,
<< Matter.CustomField.Ongoing >>,
<< Matter.CustomField.IncidentLocationStreetNo >>,
<< Matter.CustomField.IncidentLocationZipCode >>,21201
<< Matter.CustomField.WccCommissionClaimNo >>,
<< Matter.CustomField.ServiceMethod >>,
<< Matter.CustomField.ServiceDates >>,
<< Matter.CustomField.CaseNumber >>,CV-2024-009876
<< Matter.CustomField.ComplaintFiled >>,
<< Matter.CustomField.ResponseToComplaint >>,
<< Matter.CustomField.PrecedentCaseLaw >>,
<< Matter.CustomField.Jurisdiction >>,Baltimore City
<< Matter.CustomField.SettlementAmount >>,
<< Matter.CustomField.Expenses >>,
<< Matter.CustomField.Liens >>,2500
<< Matter.CustomField.SettlementStatement >>,
<< Matter.CustomField.CaseCaption >>,Johnathan Mitchell v. Jane Doe
<< Matter.CustomField.PermissionToSignWccForm >>,
<< Matter.CustomField.DateOfSurgeryprocedure >>,
<< Matter.CustomField.MentalTreatmentType >>,
<< Matter.CustomField.ClientFullDayWageAmount >>,
<< Matter.CustomField.WhatWasTold >>,
<< Matter.CustomField.IncidentLocationSuite >>,200
<< Matter.CustomField.PracticeArea >>,
<< Matter.CustomField.DefendantsVehicleOwner >>,Mike Thompson
<< Matter.CustomField.CallingForSomeoneElse >>,
<< Matter.CustomField.CallingForSomeoneElse.Verbose >>,No
<< Matter.CustomField.TreatmentTypeForInjury >>,
<< Matter.CustomField.DurationOfIncident >>,5 Minutes
<< Matter.CustomField.GovernmentEntityName >>,
<< Matter.CustomField.WeatherOnIncidentDay >>,Raining
<< Matter.CustomField.WeatherDayBefore >>,
<< Matter.CustomField.DescribeTheWarningSigns >>,
<< Matter.CustomField.SchoolIncidentLocation >>,
<< Matter.CustomField.StaffWitnesses >>,
<< Matter.CustomField.StudentWitnesses >>,
<< Matter.CustomField.MedicalTreatmentRequired >>,Yes
<< Matter.CustomField.TreatmentDetails >>,
<< Matter.CustomField.LiabilityAdmitted >>,
<< Matter.CustomField.DateOfInjury >>,45672
<< Matter.CustomField.DateOfInjury.Verbose >>,45672
<< Matter.CustomField.DateOfInjury.Year >>,2025
<< Matter.CustomField.DateOfInjury.Month >>,1
<< Matter.CustomField.DateOfInjury.Day >>,15
<< Matter.CustomField.DateOfInjury.VerboseMonth >>,January
<< Matter.CustomField.DateOfInjury.OrdinalDay >>,15th
<< Matter.CustomField.InjuryType >>,Other
<< Matter.CustomField.CauseOfInjurydescription >>,Whiplash
<< Matter.CustomField.WorkStatusAfterInjury >>,
<< Matter.CustomField.CompensationReceived >>,
<< Matter.CustomField.CompensationAmount >>,
<< Matter.CustomField.WccInsuranceClaimNo >>,
<< Matter.CustomField.WccClaimDescription >>,
<< Matter.CustomField.RoadConditions >>,Wet
<< Matter.CustomField.AdjusterNotesdetails >>,
<< Matter.CustomField.ClientRole >>,Defendant
<< Matter.CustomField.CourtName.Name >>,Circuit Court for Baltimore City
<< Matter.CustomField.CourtName.Prefix >>,
<< Matter.CustomField.CourtName.FirstName >>,
<< Matter.CustomField.CourtName.MiddleName >>,
<< Matter.CustomField.CourtName.MiddleInitial >>,
<< Matter.CustomField.CourtName.LastName >>,
<< Matter.CustomField.CourtName.DateOfBirth >>,
<< Matter.CustomField.CourtName.TrustBalance >>,0
<< Matter.CustomField.CourtName.OperatingBalance >>,0
<< Matter.CustomField.CourtName.Address >>,111 N Calvert St
,"Baltimore, MD 21202"
<< Matter.CustomField.CourtName.Address.Street >>,111 N Calvert St
<< Matter.CustomField.CourtName.Address.City >>,Baltimore
<< Matter.CustomField.CourtName.Address.State >>,MD
<< Matter.CustomField.CourtName.Address.ZipCode >>,21202
<< Matter.CustomField.CourtName.Address.Country >>,United States
<< Matter.CustomField.CourtName.PrimaryBillingAddress >>,
<< Matter.CustomField.CourtName.PrimaryWorkAddress >>,
<< Matter.CustomField.CourtName.PrimaryHomeAddress >>,
<< Matter.CustomField.CourtName.PrimaryOtherAddress >>,111 N Calvert St
,"Baltimore, MD 21202"
<< Matter.CustomField.CourtName.PrimaryOtherAddress.Street >>,111 N Calvert St
<< Matter.CustomField.CourtName.PrimaryOtherAddress.City >>,Baltimore
<< Matter.CustomField.CourtName.PrimaryOtherAddress.State >>,MD
<< Matter.CustomField.CourtName.PrimaryOtherAddress.ZipCode >>,21202
<< Matter.CustomField.CourtName.PrimaryOtherAddress.Country >>,United States
<< Matter.CustomField.CourtName.PhoneNumber >>,410-396-5188
<< Matter.CustomField.CourtName.PhoneNumber.Number >>,410-396-5188
<< Matter.CustomField.CourtName.PrimaryWorkPhoneNumber >>,
<< Matter.CustomField.CourtName.PrimaryHomePhoneNumber >>,
<< Matter.CustomField.CourtName.PrimaryOtherPhoneNumber >>,410-396-5188
<< Matter.CustomField.CourtName.PrimaryOtherPhoneNumber.Number >>,410-396-5188
<< Matter.CustomField.CourtName.PrimaryMobilePhoneNumber >>,
<< Matter.CustomField.CourtName.PrimaryFaxNumber >>,
<< Matter.CustomField.CourtName.CustomField.TivvisMatterNumber >>,
<< Matter.CustomField.CourtName.CustomField.ContactHistory >>,
<< Matter.CustomField.CourtName.CustomField.DriversLicenseIdNumber >>,
<< Matter.CustomField.CourtName.CustomField.Deceased >>,
<< Matter.CustomField.CourtName.CustomField.PreferredNamenickname >>,
<< Matter.CustomField.CourtName.CustomField.BirthPlace >>,
<< Matter.CustomField.CourtName.CustomField.ParentType >>,
<< Matter.CustomField.CourtName.CustomField.Gender >>,
<< Matter.CustomField.CourtName.CustomField.MaritalStatus >>,
<< Matter.CustomField.CourtName.CustomField.MinorChild >>,
<< Matter.CustomField.CourtName.CustomField.SocialMediaHandle >>,
<< Matter.CustomField.CourtName.CustomField.SchoolDistricts >>,
<< Matter.CustomField.CourtName.CustomField.SchoolLevel >>,
<< Matter.CustomField.CourtName.CustomField.CourtLevel >>,Circuit Court
<< Matter.CustomField.CourtName.CustomField.Jurisdiction >>,Baltimore City
<< Matter.CustomField.CourtName.CustomField.DateOfDeath >>,
<< Matter.CustomField.CourtName.CustomField.MethodOfCommunication >>,
<< Matter.CustomField.CourtName.CustomField.IsDisabled >>,
<< Matter.CustomField.CourtName.CustomField.IsDisabled.Verbose >>,No
<< Matter.CustomField.CourtName.CustomField.HomeSchooled >>,
<< Matter.CustomField.CourtName.CustomField.HomeSchooled.Verbose >>,No
<< Matter.CustomField.CourtName.CustomField.ClientWas >>,
<< Matter.CustomField.CourtName.CustomField.County >>,
<< Matter.CustomField.CourtName.CustomField.EmergencyContacts >>,
<< Matter.CustomField.CourtName.CustomField.EmergencyContacts.Verbose >>,No
<< Matter.CustomField.CourtName.CustomField.SocialSecurityNumber >>,
<< Matter.CustomField.CourtName.CustomField.SchoolDistrict >>,
<< Matter.CustomField.CourtName.CustomField.EmergencyContactName >>,
<< Matter.CustomField.CourtName.CustomField.PoliceOfficer >>,
<< Matter.CustomField.CourtName.CustomField.PoliceOfficer.Verbose >>,No
<< Matter.CustomField.CourtName.CustomField.StaffPositiontitle >>,
<< Matter.CustomField.CourtName.CustomField.StudentName >>,
<< Matter.CustomField.CourtName.CustomField.AgeIncidentOccurred >>,
<< Matter.CustomField.CourtName.CustomField.RelationshipToMinorstudent >>,
<< Matter.CustomField.CourtName.CustomField.DoYouHaveSocialMedia >>,
<< Matter.CustomField.CourtName.CustomField.DoYouHaveSocialMedia.Verbose >>,No
<< Matter.CustomField.CourtName.CustomField.CallingOnBehalfOf >>,
<< Matter.CustomField.CourtName.CustomField.CallingOnBehalfOfSomeone >>,
<< Matter.CustomField.CourtName.CustomField.CallingOnBehalfOfSomeone.Verbose >>,No
<< Matter.CustomField.CourtName.CustomField.CallersName >>,
<< Matter.CustomField.CourtName.CustomField.RelationshipToStudent >>,
<< Matter.CustomField.CourtName.CustomField.SchoolType >>,
<< Matter.CustomField.CourtName.CustomField.SchoolName >>,
<< Matter.CustomField.CourtName.Email >>,baltimorecitylockboxfilings@mdcourts.gov
<< Matter.CustomField.CourtName.Email.Work >>,baltimorecitylockboxfilings@mdcourts.gov
<< Matter.CustomField.CourtName.Email.Home >>,
<< Matter.CustomField.CourtName.Email.Other >>,
<< Matter.CustomField.CourtName.CompanyName >>,
<< Matter.CustomField.CourtName.PaymentProfile >>,Default
<< Matter.CustomField.CourtName.PaymentProfile.InterestRate >>,0
<< Matter.CustomField.CourtName.PaymentProfile.InterestType >>,simple
<< Matter.CustomField.CourtName.PaymentProfile.InterestPeriod >>,0
<< Matter.CustomField.CourtName.PaymentProfile.GracePeriod >>,30
<< Matter.CustomField.CourtName.PaymentProfile.DiscountRate >>,0
<< Matter.CustomField.CourtName.PaymentProfile.DiscountPeriod >>,0
<< Matter.CustomField.ClientsVehicleTagNo >>,
<< Matter.CustomField.TreatmentProviders >>,
<< Matter.CustomField.StartEndDates >>,
<< Matter.CustomField.RehabilitationDetails >>,
<< Matter.CustomField.CaseStatus >>,
<< Matter.CustomField.AttorneyAssigned >>,
<< Matter.CustomField.LitigationStage >>,
<< Matter.CustomField.Disbursements >>,
<< Matter.CustomField.StatementsRegardingInjury >>,
<< Matter.CustomField.ClientVehicleDamageDesc >>,Rear bumper and trunk
<< Matter.CustomField.ClientWas >>,Driver
<< Matter.CustomField.LengthOfEmployment >>,
<< Matter.CustomField.TreatmentType >>,
<< Matter.CustomField.PriorClaims >>,
<< Matter.CustomField.StatementFromDefProvider >>,
<< Matter.CustomField.PriorErcp >>,
<< Matter.CustomField.WhatCouldHaveBeenDone >>,
<< Matter.CustomField.EmployeeNames >>,
<< Matter.CustomField.HowCouldYouHaveAvoided >>,
<< Matter.CustomField.WhoPhotographed >>,
<< Matter.CustomField.ProviderDidOrDidntDo >>,
<< Matter.CustomField.DateSymptomsNoticed >>,45672
<< Matter.CustomField.DateSymptomsNoticed.Verbose >>,45672
<< Matter.CustomField.DateSymptomsNoticed.Year >>,2025
<< Matter.CustomField.DateSymptomsNoticed.Month >>,1
<< Matter.CustomField.DateSymptomsNoticed.Day >>,15
<< Matter.CustomField.DateSymptomsNoticed.VerboseMonth >>,January
<< Matter.CustomField.DateSymptomsNoticed.OrdinalDay >>,15th
<< Matter.CustomField.HospitalZipCode >>,
<< Matter.CustomField.HospitalName >>,
<< Matter.CustomField.BodyPartsImaged >>,cervical and spine
<< Matter.CustomField.SubsequentDoctorComments >>,
<< Matter.CustomField.MentalHealthProviderName >>,
<< Matter.CustomField.DamageToClothesDesc >>,
<< Matter.CustomField.WhyWasRecommendationDeclined >>,
<< Matter.CustomField.WhatStateIsVehicleTaggedIn >>,Maryland
<< Matter.CustomField.TowCompanyName >>,
<< Matter.CustomField.AmountRecovered >>,
<< Matter.CustomField.PropertyDamageAdjusterName >>,
<< Matter.CustomField.PoliceOfficerBadgeNo >>,
<< Matter.CustomField.PoliceOfficerDistrict >>,
<< Matter.CustomField.TicketsAssignedToWho >>,
<< Matter.CustomField.AccompaniedByWho >>,
<< Matter.CustomField.MedicalAssistanceMemberNo >>,
<< Matter.CustomField.HealthInsuranceMemberNo >>,55503579
<< Matter.CustomField.WasHealthInsuranceUsed >>,Yes
<< Matter.CustomField.HealthInsuranceName >>,AETNA
<< Matter.CustomField.HealthInsuranceGroupNo >>,MXG898033
<< Matter.CustomField.HealthInsurancePolicyNo >>,98774566
<< Matter.CustomField.JobPosition >>,
<< Matter.CustomField.WhatIsYourRegularWork >>,
<< Matter.CustomField.WhatWasYourWorkWhenInjured >>,
<< Matter.CustomField.DateReturnedToWork >>,
<< Matter.CustomField.FiledBankruptcy >>,
<< Matter.CustomField.IncidentRelatedToDisability >>,
<< Matter.CustomField.Subcategory >>,
<< Matter.CustomField.ClientAutoInsuranceClaimNo >>,CLM20250123
<< Matter.CustomField.AddressSameAsInsuranceId >>,Yes
<< Matter.CustomField.DisciplinaryHistory >>,
<< Matter.CustomField.ClientPolicyNo >>,
<< Matter.CustomField.CopyOfDeathCert >>,
<< Matter.CustomField.CopyOfDeathCert.Verbose >>,No
<< Matter.CustomField.MedicaidmedicalAssistance >>,
<< Matter.CustomField.MedicaidmedicalAssistance.Verbose >>,No
<< Matter.CustomField.RelatedMatter >>,
<< Matter.CustomField.Defendantentity >>,
<< Matter.CustomField.DatesOfPriorClaims >>,45628
<< Matter.CustomField.DatesOfPriorClaims.Verbose >>,45628
<< Matter.CustomField.DatesOfPriorClaims.Year >>,2024
<< Matter.CustomField.DatesOfPriorClaims.Month >>,12
<< Matter.CustomField.DatesOfPriorClaims.Day >>,2
<< Matter.CustomField.DatesOfPriorClaims.VerboseMonth >>,December
<< Matter.CustomField.DatesOfPriorClaims.OrdinalDay >>,2nd
<< Matter.CustomField.TrialDate >>,45918
<< Matter.CustomField.TrialDate.Verbose >>,45918
<< Matter.CustomField.TrialDate.Year >>,2025
<< Matter.CustomField.TrialDate.Month >>,9
<< Matter.CustomField.TrialDate.Day >>,18
<< Matter.CustomField.TrialDate.VerboseMonth >>,September
<< Matter.CustomField.TrialDate.OrdinalDay >>,18th
<< Matter.CustomField.TrialTime >>,0.395833333
<< Matter.CustomField.TrialTime.24h_format >>,0.395833333
<< Matter.CustomField.Courtroom >>,
<< Matter.CustomField.JudgeName >>,
<< Matter.CustomField.OpposingCounsel >>,
<< Matter.CustomField.ReceivedDate >>,
<< Matter.CustomField.SettlementStatus >>,
<< Matter.CustomField.CaseFilingDate >>,
<< Matter.CustomField.EmployerInsuranceCompanyName >>,
<< Matter.CustomField.FundingSource >>,
<< Matter.CustomField.FundingAmount >>,
<< Matter.CustomField.FundingDate >>,
<< Matter.CustomField.RepaymentTerms >>,
<< Matter.CustomField.FundingStatus >>,
<< Matter.CustomField.HealthInsuranceType >>,Commercial Health Insurance
<< Matter.CustomField.TypeOfPriorClaims >>,
<< Matter.CustomField.PipPolicy >>,
<< Matter.CustomField.PipWaiver >>,
<< Matter.CustomField.MedpayPolicy >>,
<< Matter.CustomField.MedpayWaiver >>,
<< Matter.CustomField.WhoReportedIncidentToInsCo >>,Client
<< Matter.CustomField.MedicalRecords >>,FALSE
<< Matter.CustomField.MedicalRecords.Verbose >>,No
<< Matter.CustomField.HowManyOccupants >>,2
<< Matter.CustomField.NamesIfNotSeatBelted >>,Jane Doe
<< Matter.CustomField.WhereWereOccupantsSeated >>,Front Passenger
<< Matter.CustomField.CourtLevel >>,Circuit
<< Matter.CustomField.PrivateAutopsyLocation >>,
<< Matter.CustomField.PrivateAutopsyCauseOfDeath >>,
<< Matter.CustomField.VideoDescription >>,
<< Matter.CustomField.DateVideosTaken >>,
<< Matter.CustomField.DefendantPhotosTaken >>,FALSE
<< Matter.CustomField.DefendantPhotosTaken.Verbose >>,No
<< Matter.CustomField.DefendantPhotoDescription >>,
<< Matter.CustomField.DateDefendantVideosTaken >>,
<< Matter.CustomField.WhoCapturedVideo >>,
<< Matter.CustomField.DefendantVideoDescription >>,
<< Matter.CustomField.DateDefendantPhotosTaken >>,
<< Matter.CustomField.PriorSimilarIncidents >>,No
<< Matter.CustomField.HowLongWasSeries >>,Rear-End Collision
<< Matter.CustomField.PersonnelKnowledge >>,
<< Matter.CustomField.PersonnelInvolvedDescription >>,
<< Matter.CustomField.IncidentReport >>,
<< Matter.CustomField.ReturnToFullDuty >>,
<< Matter.CustomField.FullDutyDate >>,
<< Matter.CustomField.FollowupCareDates >>,45703
<< Matter.CustomField.FollowupCareDates.Verbose >>,45703
<< Matter.CustomField.FollowupCareDates.Year >>,2025
<< Matter.CustomField.FollowupCareDates.Month >>,2
<< Matter.CustomField.FollowupCareDates.Day >>,15
<< Matter.CustomField.FollowupCareDates.VerboseMonth >>,February
<< Matter.CustomField.FollowupCareDates.OrdinalDay >>,15th
<< Matter.CustomField.MedpayCoverage >>,
<< Matter.CustomField.MedpayDeclarationPage >>,
<< Matter.CustomField.MedpayInsuranceAmount >>,
<< Matter.CustomField.TicketDescription >>,
<< Matter.CustomField.StentsDate >>,
<< Matter.CustomField.DidTheClientReportInjuries >>,Yes
<< Matter.CustomField.AutopsyCauseOfDeath >>,
<< Matter.CustomField.IncidentReportedToInsCo >>,FALSE
<< Matter.CustomField.IncidentReportedToInsCo.Verbose >>,No
<< Matter.CustomField.DrivingForRideshare >>,FALSE
<< Matter.CustomField.DrivingForRideshare.Verbose >>,No
<< Matter.CustomField.VehicleOwner >>,TRUE
<< Matter.CustomField.VehicleOwner.Verbose >>,Yes
<< Matter.CustomField.RoadConstruction >>,FALSE
<< Matter.CustomField.RoadConstruction.Verbose >>,No
<< Matter.CustomField.Employed >>,TRUE
<< Matter.CustomField.Employed.Verbose >>,Yes
<< Matter.CustomField.AnyOccupantsInYourVehicle >>,TRUE
<< Matter.CustomField.AnyOccupantsInYourVehicle.Verbose >>,Yes
<< Matter.CustomField.PoliceCalled >>,FALSE
<< Matter.CustomField.PoliceCalled.Verbose >>,No
<< Matter.CustomField.PoliceReportFiled >>,FALSE
<< Matter.CustomField.PoliceReportFiled.Verbose >>,No
<< Matter.CustomField.DefendantsInsuranceName >>,
<< Matter.CustomField.ImeDate >>,
<< Matter.CustomField.ImeTime >>,
<< Matter.CustomField.ImeTime.24h_format >>,
<< Matter.CustomField.IsPolicyHolder >>,
<< Matter.CustomField.IsPolicyHolder.Verbose >>,No
<< Matter.CustomField.TreatingPhysicianName >>,Primary
<< Matter.CustomField.IncidentReport >>,FALSE
<< Matter.CustomField.IncidentReport.Verbose >>,No
<< Matter.CustomField.BodilyInjuryCoverage >>,
<< Matter.CustomField.AdditionalInformation >>,
<< Matter.CustomField.EmploymentType >>,
<< Matter.CustomField.PayRatehourlyOrAnnual >>,
<< Matter.CustomField.PayFrequency >>,
<< Matter.CustomField.PipCoverageAmount >>,
<< Matter.CustomField.TicketsIssued >>,FALSE
<< Matter.CustomField.TicketsIssued.Verbose >>,No
<< Matter.CustomField.LiabilityPolicyLimitsBi >>,100000
<< Matter.CustomField.LiabilityPolicyLimitsPd >>,25000
<< Matter.CustomField.UmuimMotorist >>,Yes
<< Matter.CustomField.LearningPlan504iepbip >>,
<< Matter.CustomField.LearningPlan504iepbip.Verbose >>,No
<< Matter.CustomField.MedicaidmedicalAssistanceNo >>,
<< Matter.CustomField.OccupationalDisease >>,
<< Matter.CustomField.OccupationalDisease.Verbose >>,No
<< Matter.CustomField.NoticeOfIncidentGiven >>,TRUE
<< Matter.CustomField.NoticeOfIncidentGiven.Verbose >>,Yes
<< Matter.CustomField.DatePhotographed >>,45712
<< Matter.CustomField.DatePhotographed.Verbose >>,45712
<< Matter.CustomField.DatePhotographed.Year >>,2025
<< Matter.CustomField.DatePhotographed.Month >>,2
<< Matter.CustomField.DatePhotographed.Day >>,24
<< Matter.CustomField.DatePhotographed.VerboseMonth >>,February
<< Matter.CustomField.DatePhotographed.OrdinalDay >>,24th
<< Matter.CustomField.WitnessesToIncident >>,FALSE
<< Matter.CustomField.WitnessesToIncident.Verbose >>,No
<< Matter.CustomField.ImagingDetails >>,
<< Matter.CustomField.WarningsPosted >>,
<< Matter.CustomField.WarningsPosted.Verbose >>,No
<< Matter.CustomField.UserInitials >>,TC
<< Matter.CustomField.ClientType >>,
<< Matter.CustomField.DatePipCheckReceived >>,
<< Matter.CustomField.OccupantsSeatBelted >>,
<< Matter.CustomField.OccupantsSeatBelted.Verbose >>,No
<< Matter.CustomField.GovernmentAgencyName >>,
<< Matter.CustomField.NameOfEmployer >>,BGE
<< Matter.CustomField.ImmediateVisibleInjuries >>,TRUE
<< Matter.CustomField.ImmediateVisibleInjuries.Verbose >>,Yes
<< Matter.CustomField.WhenDidTheyTell >>,
<< Matter.CustomField.RelationToWitness >>,
<< Matter.CustomField.TotalNoDaysInpatient >>,
<< Matter.CustomField.PipDeclarationPage >>,FALSE
<< Matter.CustomField.PipDeclarationPage.Verbose >>,No
<< Matter.CustomField.PhotoDescription >>,
<< Matter.CustomField.PipCoverage >>,
<< Matter.CustomField.WhereDidYouGoForTreatment >>,Urgent Care
<< Matter.CustomField.ReceiptForDamagedItem >>,FALSE
<< Matter.CustomField.ReceiptForDamagedItem.Verbose >>,No
<< Matter.CustomField.EmployerNatureOfWork >>,
<< Matter.CustomField.Hospitalized >>,FALSE
<< Matter.CustomField.Hospitalized.Verbose >>,No
<< Matter.CustomField.VehicleType >>,Private Passenger Vehicle
<< Matter.CustomField.VehicleTaggedInMaryland >>,TRUE
<< Matter.CustomField.VehicleTaggedInMaryland.Verbose >>,Yes
<< Matter.CustomField.SecurityFootageDescription >>,
<< Matter.CustomField.HowManyWitnesses >>,
<< Matter.CustomField.WasPersonnelInvolved >>,FALSE
<< Matter.CustomField.WasPersonnelInvolved.Verbose >>,No
<< Matter.CustomField.AccompaniedByAnyone >>,FALSE
<< Matter.CustomField.AccompaniedByAnyone.Verbose >>,No
<< Matter.CustomField.CouldClientAvoidIncident >>,FALSE
<< Matter.CustomField.CouldClientAvoidIncident.Verbose >>,No
<< Matter.CustomField.IncidentLocationCounty >>,Baltimore City
<< Matter.CustomField.InjuryReportedToInsCo >>,TRUE
<< Matter.CustomField.InjuryReportedToInsCo.Verbose >>,Yes
<< Matter.CustomField.DidThisOccurInABusiness >>,
<< Matter.CustomField.DidThisOccurInABusiness.Verbose >>,No
<< Matter.CustomField.DisciplinedBySchool >>,
<< Matter.CustomField.DisciplinedBySchool.Verbose >>,No
<< Matter.CustomField.FollowupCareScheduled >>,TRUE
<< Matter.CustomField.FollowupCareScheduled.Verbose >>,Yes
<< Matter.CustomField.GradeLevel >>,
<< Matter.CustomField.BodyShopName >>,
<< Matter.CustomField.MethodOfDelivery >>,
<< Matter.CustomField.NoOfDaysMissed >>,
<< Matter.CustomField.OtherInsuranceName >>,
<< Matter.CustomField.OtherInsurancePolicyNo >>,
<< Matter.CustomField.OtherInsuranceGroupNo >>,
<< Matter.CustomField.PersonnelRolesInvolved >>,
<< Matter.CustomField.SchoolName >>,
<< Matter.CustomField.DeclinedRecommendedTreatment >>,FALSE
<< Matter.CustomField.DeclinedRecommendedTreatment.Verbose >>,No
<< Matter.CustomField.ClientVehicleDamage >>,TRUE
<< Matter.CustomField.ClientVehicleDamage.Verbose >>,Yes
<< Matter.CustomField.PhysicalDamageLocations >>,Rear
<< Matter.CustomField.DefVehicleTaggedInMaryland >>,TRUE
<< Matter.CustomField.DefVehicleTaggedInMaryland.Verbose >>,Yes
<< Matter.CustomField.WerePhotosTaken >>,
<< Matter.CustomField.WhatWereYouLookingAt >>,
<< Matter.CustomField.WorksOvertime >>,
<< Matter.CustomField.WorksOvertime.Verbose >>,No
<< Matter.CustomField.AnticipatedMissWork >>,
<< Matter.CustomField.AnticipatedMissWork.Verbose >>,No
<< Matter.CustomField.HaveYouReturnedToWork >>,
<< Matter.CustomField.HaveYouReturnedToWork.Verbose >>,No
<< Matter.CustomField.EmployerProvidedMedical >>,
<< Matter.CustomField.EmployerProvidedMedical.Verbose >>,No
<< Matter.CustomField.TrafficConditions >>,Moderate
<< Matter.CustomField.InsuredState >>,Maryland
<< Matter.CustomField.IncidentLocationState >>,Maryland
<< Matter.CustomField.WeatherWeekBeforeIncident >>,Raining
<< Matter.CustomField.WeatherBeforeIncident >>,Raining
<< Matter.CustomField.OtherInsurance >>,FALSE
<< Matter.CustomField.OtherInsurance.Verbose >>,No
<< Matter.CustomField.ClientsVehicleMake >>,Toyota
<< Matter.CustomField.DefendantsVehicleMake >>,Gillig
<< Matter.CustomField.ClientVehicleYear >>,2020
<< Matter.CustomField.DefendantsVehicleYear >>,2018
<< Matter.CustomField.ClientAutoInsuranceName >>,GEICO
<< Matter.CustomField.DefAutoInsuranceName >>,Transit Insurance Group (TIG)
<< Matter.CustomField.UninsuredMotorist >>,No
<< Matter.CustomField.WereVideosTaken >>,FALSE
<< Matter.CustomField.WereVideosTaken.Verbose >>,No
<< Matter.CustomField.WeatherPlayFactor >>,FALSE
<< Matter.CustomField.WeatherPlayFactor.Verbose >>,No
<< Matter.CustomField.VisibilityDuringIncident >>,
<< Matter.CustomField.IsDefendantVehicleOwner >>,FALSE
<< Matter.CustomField.IsDefendantVehicleOwner.Verbose >>,No
<< Matter.CustomField.DefVehicleOwnerInfo >>,
<< Matter.CustomField.ReceiveDisabilityBenefits >>,
<< Matter.CustomField.ReceiveDisabilityBenefits.Verbose >>,No
<< Matter.CustomField.IsPropertyGovernmentOwned >>,
<< Matter.CustomField.IsPropertyGovernmentOwned.Verbose >>,No
<< Matter.CustomField.SeriesOfEvents >>,FALSE
<< Matter.CustomField.SeriesOfEvents.Verbose >>,No
<< Matter.CustomField.PhysicalInjury >>,FALSE
<< Matter.CustomField.PhysicalInjury.Verbose >>,No
<< Matter.CustomField.MentalTreatmentDesc >>,
<< Matter.CustomField.OtherStudentsDisciplined >>,
<< Matter.CustomField.OtherStudentsDisciplined.Verbose >>,No
<< Matter.CustomField.OtherStudentsInvolved >>,
<< Matter.CustomField.OtherStudentsInvolved.Verbose >>,No
<< Matter.CustomField.SecurityFootageAvailable >>,FALSE
<< Matter.CustomField.SecurityFootageAvailable.Verbose >>,No
<< Matter.CustomField.DidYouHaveSurgery >>,
<< Matter.CustomField.DidYouHaveSurgery.Verbose >>,No
<< Matter.CustomField.PriorVisitsWSameComplaint >>,
<< Matter.CustomField.PriorVisitsWSameComplaint.Verbose >>,No
<< Matter.CustomField.VisitedIn2Wks >>,FALSE
<< Matter.CustomField.VisitedIn2Wks.Verbose >>,No
<< Matter.CustomField.ContactedPrimaryCare >>,FALSE
<< Matter.CustomField.ContactedPrimaryCare.Verbose >>,No
<< Matter.CustomField.HaveYouHadAdditionalSurgery >>,FALSE
<< Matter.CustomField.HaveYouHadAdditionalSurgery.Verbose >>,No
<< Matter.CustomField.OtherMedicalProvider >>,FALSE
<< Matter.CustomField.OtherMedicalProvider.Verbose >>,No
<< Matter.CustomField.SeenAtUrgentCare >>,FALSE
<< Matter.CustomField.SeenAtUrgentCare.Verbose >>,No
<< Matter.CustomField.ContactedDefProviderAfter >>,FALSE
<< Matter.CustomField.ContactedDefProviderAfter.Verbose >>,No
<< Matter.CustomField.ClientVehicleModel >>,Camry
<< Matter.CustomField.DefendantsVehicleModel >>,Low Floor
<< Matter.CustomField.AutopsyPerformed >>,
<< Matter.CustomField.AutopsyPerformed.Verbose >>,No
<< Matter.CustomField.PrivateAutopsyPerformed >>,
<< Matter.CustomField.PrivateAutopsyPerformed.Verbose >>,No
<< Matter.CustomField.EstateOpened >>,
<< Matter.CustomField.EstateOpened.Verbose >>,No
<< Matter.CustomField.DeathCertificate >>,
<< Matter.CustomField.DeathCertificate.Verbose >>,No
<< Matter.CustomField.DefendantsVehicleTagState >>,
<< Matter.CustomField.OngoingHealthConditions >>,FALSE
<< Matter.CustomField.OngoingHealthConditions.Verbose >>,No
<< Matter.CustomField.CopyOfPrivateAutopsyReport >>,
<< Matter.CustomField.CopyOfPrivateAutopsyReport.Verbose >>,No
<< Matter.CustomField.LetterOfAdministration >>,
<< Matter.CustomField.LetterOfAdministration.Verbose >>,No
<< Matter.CustomField.MentalInjuryDesc >>,
<< Matter.CustomField.DoCamerasShowLocation >>,FALSE
<< Matter.CustomField.DoCamerasShowLocation.Verbose >>,No
<< Matter.CustomField.SecurityCamerasInArea >>,FALSE
<< Matter.CustomField.SecurityCamerasInArea.Verbose >>,No
<< Matter.CustomField.SecurityFootageType >>,
<< Matter.CustomField.RelationshipToMinorstudent >>,
<< Matter.CustomField.EmployerRequestedMedicalCare >>,
<< Matter.CustomField.EmployerRequestedMedicalCare.Verbose >>,No
<< Matter.CustomField.WccClaimFiled >>,
<< Matter.CustomField.WccClaimFiled.Verbose >>,No
<< Matter.CustomField.DoesAnyoneAtWorkKnow >>,
<< Matter.CustomField.DoesAnyoneAtWorkKnow.Verbose >>,No
<< Matter.CustomField.InjuryReportedTo >>,
<< Matter.CustomField.HasHealthInsurance >>,TRUE
<< Matter.CustomField.HasHealthInsurance.Verbose >>,Yes
<< Matter.CustomField.CopyOfAutopsyReport >>,
<< Matter.CustomField.CopyOfAutopsyReport.Verbose >>,No
<< Matter.CustomField.MissedTimeFromWork >>,
<< Matter.CustomField.MissedTimeFromWork.Verbose >>,No
<< Matter.CustomField.PersonnelName >>,
<< Matter.CustomField.NoHoursWorkedPerWeek >>,
<< Matter.CustomField.NoHoursMissedFromWork >>,
<< Matter.CustomField.ClientVehicleTowed >>,FALSE
<< Matter.CustomField.ClientVehicleTowed.Verbose >>,No
<< Matter.CustomField.ReAssignedDuties >>,
<< Matter.CustomField.ReAssignedDuties.Verbose >>,No
<< Matter.CustomField.CouldSchoolPreventIncident >>,
<< Matter.CustomField.CouldSchoolPreventIncident.Verbose >>,No
<< Matter.CustomField.HealthInsurancePolicyHolder >>,
<< Matter.CustomField.DateFirstNoticed >>,
<< Matter.CustomField.ReturnVisit >>,FALSE
<< Matter.CustomField.ReturnVisit.Verbose >>,No
<< Matter.CustomField.WasOperationUrgent >>,FALSE
<< Matter.CustomField.WasOperationUrgent.Verbose >>,No
<< Matter.CustomField.DescribeInjuries >>,
<< Matter.CustomField.DateTold >>,
<< Matter.CustomField.PreventionOfIncident >>,
<< Matter.CustomField.PreventionOfIncident.Verbose >>,No
<< Matter.CustomField.IsInsured >>,FALSE
<< Matter.CustomField.IsInsured.Verbose >>,No
<< Matter.CustomField.ClientVehicleOwnerName >>,
<< Matter.CustomField.AdjusterAssigned >>,FALSE
<< Matter.CustomField.AdjusterAssigned.Verbose >>,No
<< Matter.CustomField.ClientVehicleTagNo >>,
<< Matter.CustomField.CallingOnBehalfOfSomeone >>,
<< Matter.CustomField.CallingOnBehalfOfSomeone.Verbose >>,No
<< Matter.CustomField.CallingOnBehalfOf >>,
<< Matter.CustomField.CallersName >>,
<< Matter.CustomField.SchoolDistrict >>,
<< Matter.CustomField.SchoolType >>,
<< Matter.CustomField.TransitAgency >>,Maryland Transit Administration (MTA)
<< Matter.CustomField.CoachNo >>,14507
<< Matter.CustomField.LineNo >>,Purple Line 129
<< Matter.CustomField.ClaimType >>,
<< Matter.CustomField.EntityType >>,
<< Matter.CustomField.MtcaApplicable >>,
<< Matter.CustomField.MtcaNoticeSent >>,
<< Matter.CustomField.MtcaNoticeSent.Verbose >>,No
<< Matter.CustomField.MtcaNoticeDate >>,
<< Matter.CustomField.MtcaDeadline >>,
<< Matter.CustomField.MtcaFilingConfReceived >>,
<< Matter.CustomField.MtcaFilingConfReceived.Verbose >>,No
<< Matter.Location >>,Baltimore City
<< Matter.PracticeArea >>,Auto Accident
<< Matter.Billing.Hourly.Budget >>,0
<< Matter.Billing.Description >>,Hourly
<< Matter.Billing.OpenInvoiceNumber >>,
<< Matter.Billing.OutstandingBalance >>,0
<< Matter.Relationships.Occupant.Name >>,Travis Crawford
<< Matter.Relationships.Occupant.Prefix >>,
<< Matter.Relationships.Occupant.FirstName >>,Travis
<< Matter.Relationships.Occupant.MiddleName >>,
<< Matter.Relationships.Occupant.MiddleInitial >>,
<< Matter.Relationships.Occupant.LastName >>,Crawford
<< Matter.Relationships.Occupant.DateOfBirth >>,29482
<< Matter.Relationships.Occupant.DateOfBirth.Verbose >>,29482
<< Matter.Relationships.Occupant.DateOfBirth.Year >>,1980
<< Matter.Relationships.Occupant.DateOfBirth.Month >>,9
<< Matter.Relationships.Occupant.DateOfBirth.Day >>,18
<< Matter.Relationships.Occupant.DateOfBirth.VerboseMonth >>,September
<< Matter.Relationships.Occupant.DateOfBirth.OrdinalDay >>,18th
<< Matter.Relationships.Occupant.TrustBalance >>,0
<< Matter.Relationships.Occupant.OperatingBalance >>,0
<< Matter.Relationships.Occupant.Address >>,36 S. Charles st. 
,"Baltimore, MD 21201"
<< Matter.Relationships.Occupant.Address.Street >>,36 S. Charles st. 
<< Matter.Relationships.Occupant.Address.City >>,Baltimore
<< Matter.Relationships.Occupant.Address.State >>,MD
<< Matter.Relationships.Occupant.Address.ZipCode >>,21201
<< Matter.Relationships.Occupant.Address.Country >>,United States
<< Matter.Relationships.Occupant.PrimaryBillingAddress >>,
<< Matter.Relationships.Occupant.PrimaryWorkAddress >>,
<< Matter.Relationships.Occupant.PrimaryHomeAddress >>,36 S. Charles st. 
,"Baltimore, MD 21201"
<< Matter.Relationships.Occupant.PrimaryHomeAddress.Street >>,36 S. Charles st. 
<< Matter.Relationships.Occupant.PrimaryHomeAddress.City >>,Baltimore
<< Matter.Relationships.Occupant.PrimaryHomeAddress.State >>,MD
<< Matter.Relationships.Occupant.PrimaryHomeAddress.ZipCode >>,21201
<< Matter.Relationships.Occupant.PrimaryHomeAddress.Country >>,United States
<< Matter.Relationships.Occupant.PrimaryOtherAddress >>,
<< Matter.Relationships.Occupant.PhoneNumber >>,+1 (562) 376-6409
<< Matter.Relationships.Occupant.PhoneNumber.Number >>,+1 (562) 376-6409
<< Matter.Relationships.Occupant.PrimaryWorkPhoneNumber >>,
<< Matter.Relationships.Occupant.PrimaryHomePhoneNumber >>,+1 (562) 376-6409
<< Matter.Relationships.Occupant.PrimaryHomePhoneNumber.Number >>,+1 (562) 376-6409
<< Matter.Relationships.Occupant.PrimaryOtherPhoneNumber >>,
<< Matter.Relationships.Occupant.PrimaryMobilePhoneNumber >>,
<< Matter.Relationships.Occupant.PrimaryFaxNumber >>,
<< Matter.Relationships.Occupant.CustomField.TivvisMatterNumber >>,
<< Matter.Relationships.Occupant.CustomField.ContactHistory >>,
<< Matter.Relationships.Occupant.CustomField.DriversLicenseIdNumber >>,
<< Matter.Relationships.Occupant.CustomField.Deceased >>,
<< Matter.Relationships.Occupant.CustomField.PreferredNamenickname >>,
<< Matter.Relationships.Occupant.CustomField.BirthPlace >>,
<< Matter.Relationships.Occupant.CustomField.ParentType >>,
<< Matter.Relationships.Occupant.CustomField.Gender >>,
<< Matter.Relationships.Occupant.CustomField.MaritalStatus >>,Single
<< Matter.Relationships.Occupant.CustomField.MinorChild >>,
<< Matter.Relationships.Occupant.CustomField.SocialMediaHandle >>,
<< Matter.Relationships.Occupant.CustomField.SchoolDistricts >>,
<< Matter.Relationships.Occupant.CustomField.SchoolLevel >>,
<< Matter.Relationships.Occupant.CustomField.CourtLevel >>,
<< Matter.Relationships.Occupant.CustomField.Jurisdiction >>,
<< Matter.Relationships.Occupant.CustomField.DateOfDeath >>,
<< Matter.Relationships.Occupant.CustomField.MethodOfCommunication >>,
<< Matter.Relationships.Occupant.CustomField.IsDisabled >>,FALSE
<< Matter.Relationships.Occupant.CustomField.IsDisabled.Verbose >>,No
<< Matter.Relationships.Occupant.CustomField.HomeSchooled >>,
<< Matter.Relationships.Occupant.CustomField.HomeSchooled.Verbose >>,No
<< Matter.Relationships.Occupant.CustomField.ClientWas >>,
<< Matter.Relationships.Occupant.CustomField.County >>,
<< Matter.Relationships.Occupant.CustomField.EmergencyContacts >>,FALSE
<< Matter.Relationships.Occupant.CustomField.EmergencyContacts.Verbose >>,No
<< Matter.Relationships.Occupant.CustomField.SocialSecurityNumber >>,
<< Matter.Relationships.Occupant.CustomField.SchoolDistrict >>,
<< Matter.Relationships.Occupant.CustomField.EmergencyContactName >>,
<< Matter.Relationships.Occupant.CustomField.PoliceOfficer >>,
<< Matter.Relationships.Occupant.CustomField.PoliceOfficer.Verbose >>,No
<< Matter.Relationships.Occupant.CustomField.StaffPositiontitle >>,
<< Matter.Relationships.Occupant.CustomField.StudentName >>,
<< Matter.Relationships.Occupant.CustomField.AgeIncidentOccurred >>,
<< Matter.Relationships.Occupant.CustomField.RelationshipToMinorstudent >>,
<< Matter.Relationships.Occupant.CustomField.DoYouHaveSocialMedia >>,
<< Matter.Relationships.Occupant.CustomField.DoYouHaveSocialMedia.Verbose >>,No
<< Matter.Relationships.Occupant.CustomField.CallingOnBehalfOf >>,
<< Matter.Relationships.Occupant.CustomField.CallingOnBehalfOfSomeone >>,
<< Matter.Relationships.Occupant.CustomField.CallingOnBehalfOfSomeone.Verbose >>,No
<< Matter.Relationships.Occupant.CustomField.CallersName >>,
<< Matter.Relationships.Occupant.CustomField.RelationshipToStudent >>,
<< Matter.Relationships.Occupant.CustomField.SchoolType >>,
<< Matter.Relationships.Occupant.CustomField.SchoolName >>,
<< Matter.Relationships.Occupant.Email >>,it@ledyardlaw.com
<< Matter.Relationships.Occupant.Email.Work >>,
<< Matter.Relationships.Occupant.Email.Home >>,it@ledyardlaw.com
<< Matter.Relationships.Occupant.Email.Other >>,
<< Matter.Relationships.Occupant.CompanyName >>,
<< Matter.Relationships.Occupant.PaymentProfile >>,Default
<< Matter.Relationships.Occupant.PaymentProfile.InterestRate >>,0
<< Matter.Relationships.Occupant.PaymentProfile.InterestType >>,simple
<< Matter.Relationships.Occupant.PaymentProfile.InterestPeriod >>,0
<< Matter.Relationships.Occupant.PaymentProfile.GracePeriod >>,30
<< Matter.Relationships.Occupant.PaymentProfile.DiscountRate >>,0
<< Matter.Relationships.Occupant.PaymentProfile.DiscountPeriod >>,0
<< Matter.Relationships.ClientsPipAdjuster.Name >>,Lisa Raymond
<< Matter.Relationships.ClientsPipAdjuster.Prefix >>,Ms.
<< Matter.Relationships.ClientsPipAdjuster.FirstName >>,Lisa
<< Matter.Relationships.ClientsPipAdjuster.MiddleName >>,
<< Matter.Relationships.ClientsPipAdjuster.MiddleInitial >>,
<< Matter.Relationships.ClientsPipAdjuster.LastName >>,Raymond
<< Matter.Relationships.ClientsPipAdjuster.DateOfBirth >>,
<< Matter.Relationships.ClientsPipAdjuster.TrustBalance >>,0
<< Matter.Relationships.ClientsPipAdjuster.OperatingBalance >>,0
<< Matter.Relationships.ClientsPipAdjuster.Address >>,5260 Western Ave
,"Chevy Chase, Maryland 20815"
<< Matter.Relationships.ClientsPipAdjuster.Address.Street >>,5260 Western Ave
<< Matter.Relationships.ClientsPipAdjuster.Address.City >>,Chevy Chase
<< Matter.Relationships.ClientsPipAdjuster.Address.State >>,Maryland
<< Matter.Relationships.ClientsPipAdjuster.Address.ZipCode >>,20815
<< Matter.Relationships.ClientsPipAdjuster.Address.Country >>,United States
<< Matter.Relationships.ClientsPipAdjuster.PrimaryBillingAddress >>,
<< Matter.Relationships.ClientsPipAdjuster.PrimaryWorkAddress >>,5260 Western Ave
,"Chevy Chase, Maryland 20815"
<< Matter.Relationships.ClientsPipAdjuster.PrimaryWorkAddress.Street >>,5260 Western Ave
<< Matter.Relationships.ClientsPipAdjuster.PrimaryWorkAddress.City >>,Chevy Chase
<< Matter.Relationships.ClientsPipAdjuster.PrimaryWorkAddress.State >>,Maryland
<< Matter.Relationships.ClientsPipAdjuster.PrimaryWorkAddress.ZipCode >>,20815
<< Matter.Relationships.ClientsPipAdjuster.PrimaryWorkAddress.Country >>,United States
<< Matter.Relationships.ClientsPipAdjuster.PrimaryHomeAddress >>,
<< Matter.Relationships.ClientsPipAdjuster.PrimaryOtherAddress >>,
<< Matter.Relationships.ClientsPipAdjuster.PhoneNumber >>,301-555-7845
<< Matter.Relationships.ClientsPipAdjuster.PhoneNumber.Number >>,301-555-7845
<< Matter.Relationships.ClientsPipAdjuster.PrimaryWorkPhoneNumber >>,301-555-7845
<< Matter.Relationships.ClientsPipAdjuster.PrimaryWorkPhoneNumber.Number >>,301-555-7845
<< Matter.Relationships.ClientsPipAdjuster.PrimaryHomePhoneNumber >>,
<< Matter.Relationships.ClientsPipAdjuster.PrimaryOtherPhoneNumber >>,
<< Matter.Relationships.ClientsPipAdjuster.PrimaryMobilePhoneNumber >>,
<< Matter.Relationships.ClientsPipAdjuster.PrimaryFaxNumber >>,301-555-7845
<< Matter.Relationships.ClientsPipAdjuster.PrimaryFaxNumber.Number >>,301-555-7845
<< Matter.Relationships.ClientsPipAdjuster.CustomField.TivvisMatterNumber >>,
<< Matter.Relationships.ClientsPipAdjuster.CustomField.ContactHistory >>,
<< Matter.Relationships.ClientsPipAdjuster.CustomField.DriversLicenseIdNumber >>,
<< Matter.Relationships.ClientsPipAdjuster.CustomField.Deceased >>,
<< Matter.Relationships.ClientsPipAdjuster.CustomField.PreferredNamenickname >>,
<< Matter.Relationships.ClientsPipAdjuster.CustomField.BirthPlace >>,
<< Matter.Relationships.ClientsPipAdjuster.CustomField.ParentType >>,
<< Matter.Relationships.ClientsPipAdjuster.CustomField.Gender >>,
<< Matter.Relationships.ClientsPipAdjuster.CustomField.MaritalStatus >>,
<< Matter.Relationships.ClientsPipAdjuster.CustomField.MinorChild >>,
<< Matter.Relationships.ClientsPipAdjuster.CustomField.SocialMediaHandle >>,
<< Matter.Relationships.ClientsPipAdjuster.CustomField.SchoolDistricts >>,
<< Matter.Relationships.ClientsPipAdjuster.CustomField.SchoolLevel >>,
<< Matter.Relationships.ClientsPipAdjuster.CustomField.CourtLevel >>,
<< Matter.Relationships.ClientsPipAdjuster.CustomField.Jurisdiction >>,
<< Matter.Relationships.ClientsPipAdjuster.CustomField.DateOfDeath >>,
<< Matter.Relationships.ClientsPipAdjuster.CustomField.MethodOfCommunication >>,
<< Matter.Relationships.ClientsPipAdjuster.CustomField.IsDisabled >>,FALSE
<< Matter.Relationships.ClientsPipAdjuster.CustomField.IsDisabled.Verbose >>,No
<< Matter.Relationships.ClientsPipAdjuster.CustomField.HomeSchooled >>,
<< Matter.Relationships.ClientsPipAdjuster.CustomField.HomeSchooled.Verbose >>,No
<< Matter.Relationships.ClientsPipAdjuster.CustomField.ClientWas >>,
<< Matter.Relationships.ClientsPipAdjuster.CustomField.County >>,
<< Matter.Relationships.ClientsPipAdjuster.CustomField.EmergencyContacts >>,
<< Matter.Relationships.ClientsPipAdjuster.CustomField.EmergencyContacts.Verbose >>,No
<< Matter.Relationships.ClientsPipAdjuster.CustomField.SocialSecurityNumber >>,
<< Matter.Relationships.ClientsPipAdjuster.CustomField.SchoolDistrict >>,
<< Matter.Relationships.ClientsPipAdjuster.CustomField.EmergencyContactName >>,
<< Matter.Relationships.ClientsPipAdjuster.CustomField.PoliceOfficer >>,
<< Matter.Relationships.ClientsPipAdjuster.CustomField.PoliceOfficer.Verbose >>,No
<< Matter.Relationships.ClientsPipAdjuster.CustomField.StaffPositiontitle >>,
<< Matter.Relationships.ClientsPipAdjuster.CustomField.StudentName >>,
<< Matter.Relationships.ClientsPipAdjuster.CustomField.AgeIncidentOccurred >>,
<< Matter.Relationships.ClientsPipAdjuster.CustomField.RelationshipToMinorstudent >>,
<< Matter.Relationships.ClientsPipAdjuster.CustomField.DoYouHaveSocialMedia >>,
<< Matter.Relationships.ClientsPipAdjuster.CustomField.DoYouHaveSocialMedia.Verbose >>,No
<< Matter.Relationships.ClientsPipAdjuster.CustomField.CallingOnBehalfOf >>,
<< Matter.Relationships.ClientsPipAdjuster.CustomField.CallingOnBehalfOfSomeone >>,
<< Matter.Relationships.ClientsPipAdjuster.CustomField.CallingOnBehalfOfSomeone.Verbose >>,No
<< Matter.Relationships.ClientsPipAdjuster.CustomField.CallersName >>,
<< Matter.Relationships.ClientsPipAdjuster.CustomField.RelationshipToStudent >>,
<< Matter.Relationships.ClientsPipAdjuster.CustomField.SchoolType >>,
<< Matter.Relationships.ClientsPipAdjuster.CustomField.SchoolName >>,
<< Matter.Relationships.ClientsPipAdjuster.Email >>,lisa.raymond@geico.com
<< Matter.Relationships.ClientsPipAdjuster.Email.Work >>,lisa.raymond@geico.com
<< Matter.Relationships.ClientsPipAdjuster.Email.Home >>,
<< Matter.Relationships.ClientsPipAdjuster.Email.Other >>,
<< Matter.Relationships.ClientsPipAdjuster.CompanyName >>,Geico Insurance
<< Matter.Relationships.ClientsPipAdjuster.PaymentProfile >>,Default
<< Matter.Relationships.ClientsPipAdjuster.PaymentProfile.InterestRate >>,0
<< Matter.Relationships.ClientsPipAdjuster.PaymentProfile.InterestType >>,simple
<< Matter.Relationships.ClientsPipAdjuster.PaymentProfile.InterestPeriod >>,0
<< Matter.Relationships.ClientsPipAdjuster.PaymentProfile.GracePeriod >>,30
<< Matter.Relationships.ClientsPipAdjuster.PaymentProfile.DiscountRate >>,0
<< Matter.Relationships.ClientsPipAdjuster.PaymentProfile.DiscountPeriod >>,0
<< Matter.Relationships.DefendantLiabilityAdjuster.Name >>,Mark Benson
<< Matter.Relationships.DefendantLiabilityAdjuster.Prefix >>,Mr.
<< Matter.Relationships.DefendantLiabilityAdjuster.FirstName >>,Mark
<< Matter.Relationships.DefendantLiabilityAdjuster.MiddleName >>,
<< Matter.Relationships.DefendantLiabilityAdjuster.MiddleInitial >>,
<< Matter.Relationships.DefendantLiabilityAdjuster.LastName >>,Benson
<< Matter.Relationships.DefendantLiabilityAdjuster.DateOfBirth >>,
<< Matter.Relationships.DefendantLiabilityAdjuster.TrustBalance >>,0
<< Matter.Relationships.DefendantLiabilityAdjuster.OperatingBalance >>,0
<< Matter.Relationships.DefendantLiabilityAdjuster.Address >>,"600 E. Pratt St, Suite 102"
,"Baltimore, Maryland 21202"
<< Matter.Relationships.DefendantLiabilityAdjuster.Address.Street >>,"600 E. Pratt St, Suite 102"
<< Matter.Relationships.DefendantLiabilityAdjuster.Address.City >>,Baltimore
<< Matter.Relationships.DefendantLiabilityAdjuster.Address.State >>,Maryland
<< Matter.Relationships.DefendantLiabilityAdjuster.Address.ZipCode >>,21202
<< Matter.Relationships.DefendantLiabilityAdjuster.Address.Country >>,United States
<< Matter.Relationships.DefendantLiabilityAdjuster.PrimaryBillingAddress >>,
<< Matter.Relationships.DefendantLiabilityAdjuster.PrimaryWorkAddress >>,"600 E. Pratt St, Suite 102"
,"Baltimore, Maryland 21202"
<< Matter.Relationships.DefendantLiabilityAdjuster.PrimaryWorkAddress.Street >>,"600 E. Pratt St, Suite 102"
<< Matter.Relationships.DefendantLiabilityAdjuster.PrimaryWorkAddress.City >>,Baltimore
<< Matter.Relationships.DefendantLiabilityAdjuster.PrimaryWorkAddress.State >>,Maryland
<< Matter.Relationships.DefendantLiabilityAdjuster.PrimaryWorkAddress.ZipCode >>,21202
<< Matter.Relationships.DefendantLiabilityAdjuster.PrimaryWorkAddress.Country >>,United States
<< Matter.Relationships.DefendantLiabilityAdjuster.PrimaryHomeAddress >>,
<< Matter.Relationships.DefendantLiabilityAdjuster.PrimaryOtherAddress >>,
<< Matter.Relationships.DefendantLiabilityAdjuster.PhoneNumber >>,410-555-3281
<< Matter.Relationships.DefendantLiabilityAdjuster.PhoneNumber.Number >>,410-555-3281
<< Matter.Relationships.DefendantLiabilityAdjuster.PrimaryWorkPhoneNumber >>,410-555-3281
<< Matter.Relationships.DefendantLiabilityAdjuster.PrimaryWorkPhoneNumber.Number >>,410-555-3281
<< Matter.Relationships.DefendantLiabilityAdjuster.PrimaryHomePhoneNumber >>,
<< Matter.Relationships.DefendantLiabilityAdjuster.PrimaryOtherPhoneNumber >>,
<< Matter.Relationships.DefendantLiabilityAdjuster.PrimaryMobilePhoneNumber >>,
<< Matter.Relationships.DefendantLiabilityAdjuster.PrimaryFaxNumber >>,410-555-3285
<< Matter.Relationships.DefendantLiabilityAdjuster.PrimaryFaxNumber.Number >>,410-555-3285
<< Matter.Relationships.DefendantLiabilityAdjuster.CustomField.TivvisMatterNumber >>,
<< Matter.Relationships.DefendantLiabilityAdjuster.CustomField.ContactHistory >>,
<< Matter.Relationships.DefendantLiabilityAdjuster.CustomField.DriversLicenseIdNumber >>,
<< Matter.Relationships.DefendantLiabilityAdjuster.CustomField.Deceased >>,
<< Matter.Relationships.DefendantLiabilityAdjuster.CustomField.PreferredNamenickname >>,
<< Matter.Relationships.DefendantLiabilityAdjuster.CustomField.BirthPlace >>,
<< Matter.Relationships.DefendantLiabilityAdjuster.CustomField.ParentType >>,
<< Matter.Relationships.DefendantLiabilityAdjuster.CustomField.Gender >>,
<< Matter.Relationships.DefendantLiabilityAdjuster.CustomField.MaritalStatus >>,
<< Matter.Relationships.DefendantLiabilityAdjuster.CustomField.MinorChild >>,
<< Matter.Relationships.DefendantLiabilityAdjuster.CustomField.SocialMediaHandle >>,
<< Matter.Relationships.DefendantLiabilityAdjuster.CustomField.SchoolDistricts >>,
<< Matter.Relationships.DefendantLiabilityAdjuster.CustomField.SchoolLevel >>,
<< Matter.Relationships.DefendantLiabilityAdjuster.CustomField.CourtLevel >>,
<< Matter.Relationships.DefendantLiabilityAdjuster.CustomField.Jurisdiction >>,
<< Matter.Relationships.DefendantLiabilityAdjuster.CustomField.DateOfDeath >>,
<< Matter.Relationships.DefendantLiabilityAdjuster.CustomField.MethodOfCommunication >>,
<< Matter.Relationships.DefendantLiabilityAdjuster.CustomField.IsDisabled >>,FALSE
<< Matter.Relationships.DefendantLiabilityAdjuster.CustomField.IsDisabled.Verbose >>,No
<< Matter.Relationships.DefendantLiabilityAdjuster.CustomField.HomeSchooled >>,
<< Matter.Relationships.DefendantLiabilityAdjuster.CustomField.HomeSchooled.Verbose >>,No
<< Matter.Relationships.DefendantLiabilityAdjuster.CustomField.ClientWas >>,
<< Matter.Relationships.DefendantLiabilityAdjuster.CustomField.County >>,
<< Matter.Relationships.DefendantLiabilityAdjuster.CustomField.EmergencyContacts >>,
<< Matter.Relationships.DefendantLiabilityAdjuster.CustomField.EmergencyContacts.Verbose >>,No
<< Matter.Relationships.DefendantLiabilityAdjuster.CustomField.SocialSecurityNumber >>,
<< Matter.Relationships.DefendantLiabilityAdjuster.CustomField.SchoolDistrict >>,
<< Matter.Relationships.DefendantLiabilityAdjuster.CustomField.EmergencyContactName >>,
<< Matter.Relationships.DefendantLiabilityAdjuster.CustomField.PoliceOfficer >>,
<< Matter.Relationships.DefendantLiabilityAdjuster.CustomField.PoliceOfficer.Verbose >>,No
<< Matter.Relationships.DefendantLiabilityAdjuster.CustomField.StaffPositiontitle >>,
<< Matter.Relationships.DefendantLiabilityAdjuster.CustomField.StudentName >>,
<< Matter.Relationships.DefendantLiabilityAdjuster.CustomField.AgeIncidentOccurred >>,
<< Matter.Relationships.DefendantLiabilityAdjuster.CustomField.RelationshipToMinorstudent >>,
<< Matter.Relationships.DefendantLiabilityAdjuster.CustomField.DoYouHaveSocialMedia >>,
<< Matter.Relationships.DefendantLiabilityAdjuster.CustomField.DoYouHaveSocialMedia.Verbose >>,No
<< Matter.Relationships.DefendantLiabilityAdjuster.CustomField.CallingOnBehalfOf >>,
<< Matter.Relationships.DefendantLiabilityAdjuster.CustomField.CallingOnBehalfOfSomeone >>,
<< Matter.Relationships.DefendantLiabilityAdjuster.CustomField.CallingOnBehalfOfSomeone.Verbose >>,No
<< Matter.Relationships.DefendantLiabilityAdjuster.CustomField.CallersName >>,
<< Matter.Relationships.DefendantLiabilityAdjuster.CustomField.RelationshipToStudent >>,
<< Matter.Relationships.DefendantLiabilityAdjuster.CustomField.SchoolType >>,
<< Matter.Relationships.DefendantLiabilityAdjuster.CustomField.SchoolName >>,
<< Matter.Relationships.DefendantLiabilityAdjuster.Email >>,mark.benson@statefarm.com
<< Matter.Relationships.DefendantLiabilityAdjuster.Email.Work >>,mark.benson@statefarm.com
<< Matter.Relationships.DefendantLiabilityAdjuster.Email.Home >>,
<< Matter.Relationships.DefendantLiabilityAdjuster.Email.Other >>,
<< Matter.Relationships.DefendantLiabilityAdjuster.CompanyName >>,State Farm Insurance
<< Matter.Relationships.DefendantLiabilityAdjuster.PaymentProfile >>,Default
<< Matter.Relationships.DefendantLiabilityAdjuster.PaymentProfile.InterestRate >>,0
<< Matter.Relationships.DefendantLiabilityAdjuster.PaymentProfile.InterestType >>,simple
<< Matter.Relationships.DefendantLiabilityAdjuster.PaymentProfile.InterestPeriod >>,0
<< Matter.Relationships.DefendantLiabilityAdjuster.PaymentProfile.GracePeriod >>,30
<< Matter.Relationships.DefendantLiabilityAdjuster.PaymentProfile.DiscountRate >>,0
<< Matter.Relationships.DefendantLiabilityAdjuster.PaymentProfile.DiscountPeriod >>,0
<< Matter.Relationships.MarylandStateTreasurer.Name >>,Dereck E. Davis
<< Matter.Relationships.MarylandStateTreasurer.Prefix >>,Mr
<< Matter.Relationships.MarylandStateTreasurer.FirstName >>,Dereck
<< Matter.Relationships.MarylandStateTreasurer.MiddleName >>,E.
<< Matter.Relationships.MarylandStateTreasurer.MiddleInitial >>,E
<< Matter.Relationships.MarylandStateTreasurer.LastName >>,Davis
<< Matter.Relationships.MarylandStateTreasurer.DateOfBirth >>,
<< Matter.Relationships.MarylandStateTreasurer.TrustBalance >>,0
<< Matter.Relationships.MarylandStateTreasurer.OperatingBalance >>,0
<< Matter.Relationships.MarylandStateTreasurer.Address >>,80 Calvert Street
,"Annapolis, MD 21401"
<< Matter.Relationships.MarylandStateTreasurer.Address.Street >>,80 Calvert Street
<< Matter.Relationships.MarylandStateTreasurer.Address.City >>,Annapolis
<< Matter.Relationships.MarylandStateTreasurer.Address.State >>,MD
<< Matter.Relationships.MarylandStateTreasurer.Address.ZipCode >>,21401
<< Matter.Relationships.MarylandStateTreasurer.Address.Country >>,United States
<< Matter.Relationships.MarylandStateTreasurer.PrimaryBillingAddress >>,
<< Matter.Relationships.MarylandStateTreasurer.PrimaryWorkAddress >>,
<< Matter.Relationships.MarylandStateTreasurer.PrimaryHomeAddress >>,
<< Matter.Relationships.MarylandStateTreasurer.PrimaryOtherAddress >>,80 Calvert Street
,"Annapolis, MD 21401"
<< Matter.Relationships.MarylandStateTreasurer.PrimaryOtherAddress.Street >>,80 Calvert Street
<< Matter.Relationships.MarylandStateTreasurer.PrimaryOtherAddress.City >>,Annapolis
<< Matter.Relationships.MarylandStateTreasurer.PrimaryOtherAddress.State >>,MD
<< Matter.Relationships.MarylandStateTreasurer.PrimaryOtherAddress.ZipCode >>,21401
<< Matter.Relationships.MarylandStateTreasurer.PrimaryOtherAddress.Country >>,United States
<< Matter.Relationships.MarylandStateTreasurer.PhoneNumber >>,410-260-7684
<< Matter.Relationships.MarylandStateTreasurer.PhoneNumber.Number >>,410-260-7684
<< Matter.Relationships.MarylandStateTreasurer.PrimaryWorkPhoneNumber >>,
<< Matter.Relationships.MarylandStateTreasurer.PrimaryHomePhoneNumber >>,
<< Matter.Relationships.MarylandStateTreasurer.PrimaryOtherPhoneNumber >>,410-260-7684
<< Matter.Relationships.MarylandStateTreasurer.PrimaryOtherPhoneNumber.Number >>,410-260-7684
<< Matter.Relationships.MarylandStateTreasurer.PrimaryMobilePhoneNumber >>,
<< Matter.Relationships.MarylandStateTreasurer.PrimaryFaxNumber >>,
<< Matter.Relationships.MarylandStateTreasurer.CustomField.TivvisMatterNumber >>,
<< Matter.Relationships.MarylandStateTreasurer.CustomField.ContactHistory >>,
<< Matter.Relationships.MarylandStateTreasurer.CustomField.DriversLicenseIdNumber >>,
<< Matter.Relationships.MarylandStateTreasurer.CustomField.Deceased >>,
<< Matter.Relationships.MarylandStateTreasurer.CustomField.PreferredNamenickname >>,
<< Matter.Relationships.MarylandStateTreasurer.CustomField.BirthPlace >>,
<< Matter.Relationships.MarylandStateTreasurer.CustomField.ParentType >>,
<< Matter.Relationships.MarylandStateTreasurer.CustomField.Gender >>,
<< Matter.Relationships.MarylandStateTreasurer.CustomField.MaritalStatus >>,
<< Matter.Relationships.MarylandStateTreasurer.CustomField.MinorChild >>,
<< Matter.Relationships.MarylandStateTreasurer.CustomField.SocialMediaHandle >>,
<< Matter.Relationships.MarylandStateTreasurer.CustomField.SchoolDistricts >>,
<< Matter.Relationships.MarylandStateTreasurer.CustomField.SchoolLevel >>,
<< Matter.Relationships.MarylandStateTreasurer.CustomField.CourtLevel >>,
<< Matter.Relationships.MarylandStateTreasurer.CustomField.Jurisdiction >>,
<< Matter.Relationships.MarylandStateTreasurer.CustomField.DateOfDeath >>,
<< Matter.Relationships.MarylandStateTreasurer.CustomField.MethodOfCommunication >>,
<< Matter.Relationships.MarylandStateTreasurer.CustomField.IsDisabled >>,
<< Matter.Relationships.MarylandStateTreasurer.CustomField.IsDisabled.Verbose >>,No
<< Matter.Relationships.MarylandStateTreasurer.CustomField.HomeSchooled >>,
<< Matter.Relationships.MarylandStateTreasurer.CustomField.HomeSchooled.Verbose >>,No
<< Matter.Relationships.MarylandStateTreasurer.CustomField.ClientWas >>,
<< Matter.Relationships.MarylandStateTreasurer.CustomField.County >>,
<< Matter.Relationships.MarylandStateTreasurer.CustomField.EmergencyContacts >>,
<< Matter.Relationships.MarylandStateTreasurer.CustomField.EmergencyContacts.Verbose >>,No
<< Matter.Relationships.MarylandStateTreasurer.CustomField.SocialSecurityNumber >>,
<< Matter.Relationships.MarylandStateTreasurer.CustomField.SchoolDistrict >>,
<< Matter.Relationships.MarylandStateTreasurer.CustomField.EmergencyContactName >>,
<< Matter.Relationships.MarylandStateTreasurer.CustomField.PoliceOfficer >>,
<< Matter.Relationships.MarylandStateTreasurer.CustomField.PoliceOfficer.Verbose >>,No
<< Matter.Relationships.MarylandStateTreasurer.CustomField.StaffPositiontitle >>,
<< Matter.Relationships.MarylandStateTreasurer.CustomField.StudentName >>,
<< Matter.Relationships.MarylandStateTreasurer.CustomField.AgeIncidentOccurred >>,
<< Matter.Relationships.MarylandStateTreasurer.CustomField.RelationshipToMinorstudent >>,
<< Matter.Relationships.MarylandStateTreasurer.CustomField.DoYouHaveSocialMedia >>,
<< Matter.Relationships.MarylandStateTreasurer.CustomField.DoYouHaveSocialMedia.Verbose >>,No
<< Matter.Relationships.MarylandStateTreasurer.CustomField.CallingOnBehalfOf >>,
<< Matter.Relationships.MarylandStateTreasurer.CustomField.CallingOnBehalfOfSomeone >>,
<< Matter.Relationships.MarylandStateTreasurer.CustomField.CallingOnBehalfOfSomeone.Verbose >>,No
<< Matter.Relationships.MarylandStateTreasurer.CustomField.CallersName >>,
<< Matter.Relationships.MarylandStateTreasurer.CustomField.RelationshipToStudent >>,
<< Matter.Relationships.MarylandStateTreasurer.CustomField.SchoolType >>,
<< Matter.Relationships.MarylandStateTreasurer.CustomField.SchoolName >>,
<< Matter.Relationships.MarylandStateTreasurer.Email >>,
<< Matter.Relationships.MarylandStateTreasurer.Email.Work >>,
<< Matter.Relationships.MarylandStateTreasurer.Email.Home >>,
<< Matter.Relationships.MarylandStateTreasurer.Email.Other >>,
<< Matter.Relationships.MarylandStateTreasurer.CompanyName >>,Maryland State Treasurer c/o Insurance Division
<< Matter.Relationships.MarylandStateTreasurer.PaymentProfile >>,Default
<< Matter.Relationships.MarylandStateTreasurer.PaymentProfile.InterestRate >>,0
<< Matter.Relationships.MarylandStateTreasurer.PaymentProfile.InterestType >>,simple
<< Matter.Relationships.MarylandStateTreasurer.PaymentProfile.InterestPeriod >>,0
<< Matter.Relationships.MarylandStateTreasurer.PaymentProfile.GracePeriod >>,30
<< Matter.Relationships.MarylandStateTreasurer.PaymentProfile.DiscountRate >>,0
<< Matter.Relationships.MarylandStateTreasurer.PaymentProfile.DiscountPeriod >>,0
<< Matter.Relationships.Defendant'sInsuranceCompany.Name >>,MTA - Transit Insurance Group
<< Matter.Relationships.Defendant'sInsuranceCompany.Prefix >>,
<< Matter.Relationships.Defendant'sInsuranceCompany.FirstName >>,
<< Matter.Relationships.Defendant'sInsuranceCompany.MiddleName >>,
<< Matter.Relationships.Defendant'sInsuranceCompany.MiddleInitial >>,
<< Matter.Relationships.Defendant'sInsuranceCompany.LastName >>,
<< Matter.Relationships.Defendant'sInsuranceCompany.DateOfBirth >>,
<< Matter.Relationships.Defendant'sInsuranceCompany.TrustBalance >>,0
<< Matter.Relationships.Defendant'sInsuranceCompany.OperatingBalance >>,0
<< Matter.Relationships.Defendant'sInsuranceCompany.Address >>,"159 Bank Street, Fourth Floor"
,"Burlington, VT 05401"
<< Matter.Relationships.Defendant'sInsuranceCompany.Address.Street >>,"159 Bank Street, Fourth Floor"
<< Matter.Relationships.Defendant'sInsuranceCompany.Address.City >>,Burlington
<< Matter.Relationships.Defendant'sInsuranceCompany.Address.State >>,VT
<< Matter.Relationships.Defendant'sInsuranceCompany.Address.ZipCode >>,5401
<< Matter.Relationships.Defendant'sInsuranceCompany.Address.Country >>,United States
<< Matter.Relationships.Defendant'sInsuranceCompany.PrimaryBillingAddress >>,
<< Matter.Relationships.Defendant'sInsuranceCompany.PrimaryWorkAddress >>,"159 Bank Street, Fourth Floor"
,"Burlington, VT 05401"
<< Matter.Relationships.Defendant'sInsuranceCompany.PrimaryWorkAddress.Street >>,"159 Bank Street, Fourth Floor"
<< Matter.Relationships.Defendant'sInsuranceCompany.PrimaryWorkAddress.City >>,Burlington
<< Matter.Relationships.Defendant'sInsuranceCompany.PrimaryWorkAddress.State >>,VT
<< Matter.Relationships.Defendant'sInsuranceCompany.PrimaryWorkAddress.ZipCode >>,5401
<< Matter.Relationships.Defendant'sInsuranceCompany.PrimaryWorkAddress.Country >>,United States
<< Matter.Relationships.Defendant'sInsuranceCompany.PrimaryHomeAddress >>,
<< Matter.Relationships.Defendant'sInsuranceCompany.PrimaryOtherAddress >>,
<< Matter.Relationships.Defendant'sInsuranceCompany.PhoneNumber >>,410-454-7310
<< Matter.Relationships.Defendant'sInsuranceCompany.PhoneNumber.Number >>,410-454-7310
<< Matter.Relationships.Defendant'sInsuranceCompany.PrimaryWorkPhoneNumber >>,410-454-7310
<< Matter.Relationships.Defendant'sInsuranceCompany.PrimaryWorkPhoneNumber.Number >>,410-454-7310
<< Matter.Relationships.Defendant'sInsuranceCompany.PrimaryHomePhoneNumber >>,
<< Matter.Relationships.Defendant'sInsuranceCompany.PrimaryOtherPhoneNumber >>,
<< Matter.Relationships.Defendant'sInsuranceCompany.PrimaryMobilePhoneNumber >>,
<< Matter.Relationships.Defendant'sInsuranceCompany.PrimaryFaxNumber >>,330-336-7130
<< Matter.Relationships.Defendant'sInsuranceCompany.PrimaryFaxNumber.Number >>,330-336-7130
<< Matter.Relationships.Defendant'sInsuranceCompany.CustomField.TivvisMatterNumber >>,
<< Matter.Relationships.Defendant'sInsuranceCompany.CustomField.ContactHistory >>,
<< Matter.Relationships.Defendant'sInsuranceCompany.CustomField.DriversLicenseIdNumber >>,
<< Matter.Relationships.Defendant'sInsuranceCompany.CustomField.Deceased >>,
<< Matter.Relationships.Defendant'sInsuranceCompany.CustomField.PreferredNamenickname >>,
<< Matter.Relationships.Defendant'sInsuranceCompany.CustomField.BirthPlace >>,
<< Matter.Relationships.Defendant'sInsuranceCompany.CustomField.ParentType >>,
<< Matter.Relationships.Defendant'sInsuranceCompany.CustomField.Gender >>,
<< Matter.Relationships.Defendant'sInsuranceCompany.CustomField.MaritalStatus >>,
<< Matter.Relationships.Defendant'sInsuranceCompany.CustomField.MinorChild >>,
<< Matter.Relationships.Defendant'sInsuranceCompany.CustomField.SocialMediaHandle >>,
<< Matter.Relationships.Defendant'sInsuranceCompany.CustomField.SchoolDistricts >>,
<< Matter.Relationships.Defendant'sInsuranceCompany.CustomField.SchoolLevel >>,
<< Matter.Relationships.Defendant'sInsuranceCompany.CustomField.CourtLevel >>,
<< Matter.Relationships.Defendant'sInsuranceCompany.CustomField.Jurisdiction >>,
<< Matter.Relationships.Defendant'sInsuranceCompany.CustomField.DateOfDeath >>,
<< Matter.Relationships.Defendant'sInsuranceCompany.CustomField.MethodOfCommunication >>,
<< Matter.Relationships.Defendant'sInsuranceCompany.CustomField.IsDisabled >>,
<< Matter.Relationships.Defendant'sInsuranceCompany.CustomField.IsDisabled.Verbose >>,No
<< Matter.Relationships.Defendant'sInsuranceCompany.CustomField.HomeSchooled >>,
<< Matter.Relationships.Defendant'sInsuranceCompany.CustomField.HomeSchooled.Verbose >>,No
<< Matter.Relationships.Defendant'sInsuranceCompany.CustomField.ClientWas >>,
<< Matter.Relationships.Defendant'sInsuranceCompany.CustomField.County >>,
<< Matter.Relationships.Defendant'sInsuranceCompany.CustomField.EmergencyContacts >>,
<< Matter.Relationships.Defendant'sInsuranceCompany.CustomField.EmergencyContacts.Verbose >>,No
<< Matter.Relationships.Defendant'sInsuranceCompany.CustomField.SocialSecurityNumber >>,
<< Matter.Relationships.Defendant'sInsuranceCompany.CustomField.SchoolDistrict >>,
<< Matter.Relationships.Defendant'sInsuranceCompany.CustomField.EmergencyContactName >>,
<< Matter.Relationships.Defendant'sInsuranceCompany.CustomField.PoliceOfficer >>,
<< Matter.Relationships.Defendant'sInsuranceCompany.CustomField.PoliceOfficer.Verbose >>,No
<< Matter.Relationships.Defendant'sInsuranceCompany.CustomField.StaffPositiontitle >>,
<< Matter.Relationships.Defendant'sInsuranceCompany.CustomField.StudentName >>,
<< Matter.Relationships.Defendant'sInsuranceCompany.CustomField.AgeIncidentOccurred >>,
<< Matter.Relationships.Defendant'sInsuranceCompany.CustomField.RelationshipToMinorstudent >>,
<< Matter.Relationships.Defendant'sInsuranceCompany.CustomField.DoYouHaveSocialMedia >>,
<< Matter.Relationships.Defendant'sInsuranceCompany.CustomField.DoYouHaveSocialMedia.Verbose >>,No
<< Matter.Relationships.Defendant'sInsuranceCompany.CustomField.CallingOnBehalfOf >>,
<< Matter.Relationships.Defendant'sInsuranceCompany.CustomField.CallingOnBehalfOfSomeone >>,
<< Matter.Relationships.Defendant'sInsuranceCompany.CustomField.CallingOnBehalfOfSomeone.Verbose >>,No
<< Matter.Relationships.Defendant'sInsuranceCompany.CustomField.CallersName >>,
<< Matter.Relationships.Defendant'sInsuranceCompany.CustomField.RelationshipToStudent >>,
<< Matter.Relationships.Defendant'sInsuranceCompany.CustomField.SchoolType >>,
<< Matter.Relationships.Defendant'sInsuranceCompany.CustomField.SchoolName >>,
<< Matter.Relationships.Defendant'sInsuranceCompany.Email >>,
<< Matter.Relationships.Defendant'sInsuranceCompany.Email.Work >>,
<< Matter.Relationships.Defendant'sInsuranceCompany.Email.Home >>,
<< Matter.Relationships.Defendant'sInsuranceCompany.Email.Other >>,
<< Matter.Relationships.Defendant'sInsuranceCompany.CompanyName >>,
<< Matter.Relationships.Defendant'sInsuranceCompany.PaymentProfile >>,Default
<< Matter.Relationships.Defendant'sInsuranceCompany.PaymentProfile.InterestRate >>,0
<< Matter.Relationships.Defendant'sInsuranceCompany.PaymentProfile.InterestType >>,simple
<< Matter.Relationships.Defendant'sInsuranceCompany.PaymentProfile.InterestPeriod >>,0
<< Matter.Relationships.Defendant'sInsuranceCompany.PaymentProfile.GracePeriod >>,30
<< Matter.Relationships.Defendant'sInsuranceCompany.PaymentProfile.DiscountRate >>,0
<< Matter.Relationships.Defendant'sInsuranceCompany.PaymentProfile.DiscountPeriod >>,0
<< Matter.Relationships.Occupant.Names >>,Travis Crawford
<< Matter.Relationships.ClientsPipAdjuster.Names >>,Lisa Raymond
<< Matter.Relationships.DefendantLiabilityAdjuster.Names >>,Mark Benson
<< Matter.Relationships.MarylandStateTreasurer.Names >>,Dereck E. Davis
<< Matter.Relationships.Defendant'sInsuranceCompany.Names >>,MTA - Transit Insurance Group
<< Matter.ContactAssociations >>,
<< Date >>,45754
<< Date.Verbose >>,45754
<< Date.Year >>,2025
<< Date.Month >>,4
<< Date.Day >>,7
<< Date.VerboseMonth >>,April
<< Date.OrdinalDay >>,7th
<< User >>,Ledyard  Law LLC
<< User.Name >>,Ledyard  Law LLC
<< User.JobTitle >>,Other Timekeeper [OT]
<< User.JobTitle.Name >>,Other Timekeeper
<< User.JobTitle.Initials >>,OT
<< User.Email >>,accounts@ledyardlaw.com
<< User.Initials >>,LLL
<< User.PhoneNumber >>,
<< User.Address >>,
<< User.Address.Street >>,
<< User.Address.City >>,
<< User.Address.State >>,
<< User.Address.ZipCode >>,
<< User.Address.Country >>,
<< User.Rate >>,0
<< Firm.Name >>,Ledyard Law LLC
<< Firm.Address >>,"36 South Charles Street, Suite 901"
,"Baltimore, Maryland 21201-3020"
<< Firm.Address.Street >>,"36 South Charles Street, Suite 901"
<< Firm.Address.City >>,Baltimore
<< Firm.Address.State >>,Maryland
<< Firm.Address.ZipCode >>,21201-3020
<< Firm.Address.Country >>,United States
<< Firm.Phone >>,410-807-8077
<< Firm.Phone.Number >>,410-807-8077
<< Firm.FaxNumber >>,410-807-8076
<< Firm.Email >>,office@ledyardlaw.com
<< Firm.Website >>,http://www.ledyardlaw.com
<< Owner >>,David Ledyard
<< Owner.Name >>,David Ledyard
<< Owner.JobTitle >>,Partner [PT]
<< Owner.JobTitle.Name >>,Partner
<< Owner.JobTitle.Initials >>,PT
<< Owner.Email >>,david@ledyardlaw.com
<< Owner.Initials >>,DLM
<< Owner.PhoneNumber >>,(410) 807-8077
<< Owner.Address >>,"36 South Charles Street, Suite 901"
,"Baltimore, Maryland 21201-3020"
<< Owner.Address.Street >>,"36 South Charles Street, Suite 901"
<< Owner.Address.City >>,Baltimore
<< Owner.Address.State >>,Maryland
<< Owner.Address.ZipCode >>,21201-3020
<< Owner.Address.Country >>,United States
<< Owner.Rate >>,400
